X,Y,fid,park_no,park,location,zip,acres,ward,park_class,label,lookupid,park_name,score,num_fixtur,geo_park
1166507.44653706,1949094.37885368,0,1257.0000000000,GRIFFIN (MARION MAHONY),1234 W JARVIS AVE,60626,1.0500000000,49.0000000000,NEIGHBORHOOD PARK,Griffin,0,Griffin,1.0000000000,1,
1139858.5541954,1902418.99040277,1,1220.0000000000,LEVIN (JOHN),462 N PINE AVE,60644,5.7600000000,37.0000000000,COMMUNITY PARK,Levin,1,Levin,0.0000000000,1,LEVIN (JOHN)
1155534.77545833,1901718.80116831,2,338.0000000000,JEFFERSON (NANCY),3111 W FULTON BLVD,60612,0.6300000000,27.0000000000,NEIGHBORHOOD PARK,Jefferson (Nancy),2,Jefferson,1.0000000000,1,JEFFERSON (NANCY)
1167413.63219401,1899445.92243553,3,211.0000000000,SKINNER (MARK),1331 W  MONROE ST,60606,7.3200000000,27.0000000000,COMMUNITY PARK,Skinner,3,Skinner,0.0000000000,11,SKINNER (MARK)
1151998.5035775,1900174.79129384,4,204.0000000000,GARFIELD (JAMES),100 N CENTRAL PARK DR,60624,184.7200000000,28.0000000000,CITYWIDE PARK,Garfield,4,Garfield,0.0952380952,21,GARFIELD (JAMES)
1142464.30624244,1898686.83019927,5,1050.0000000000,MOORE (MAURICE),5085 W ADAMS ST,60644,3.2000000000,29.0000000000,NEIGHBORHOOD PARK,Moore,5,Moore,0.0000000000,5,MOORE (MAURICE)
1160715.55548036,1897066.65208248,6,400.0000000000,CLAREMONT,2342 W FLOURNOY ST,60612,0.9800000000,27.0000000000,NEIGHBORHOOD PARK,Claremont,6,Claremont,0.0000000000,3,CLAREMONT
1137794.15103783,1897311.82553475,7,209.0000000000,COLUMBUS (CHRISTOPHER),500 S CENTRAL AVE,60644,135.1200000000,29.0000000000,CITYWIDE PARK,Columbus,9,Columbus,0.0000000000,15,COLUMBUS (CHRISTOPHER)
1137794.15103783,1897311.82553475,8,209.0000000000,COLUMBUS (CHRISTOPHER),500 S CENTRAL AVE,60644,135.1200000000,29.0000000000,CITYWIDE PARK,Columbus,8,Columbus Athletic Building,0.0000000000,1,COLUMBUS (CHRISTOPHER)
1137794.15103783,1897311.82553475,9,209.0000000000,COLUMBUS (CHRISTOPHER),500 S CENTRAL AVE,60644,135.1200000000,29.0000000000,CITYWIDE PARK,Columbus,7,Columbus Refectory,0.0000000000,1,COLUMBUS (CHRISTOPHER)
1145552.28294039,1898105.72440117,10,1026.0000000000,CLARK (JOHN),4615 W JACKSON BLVD,60644,1.9500000000,28.0000000000,NEIGHBORHOOD PARK,Clark (John),10,Clark (John),0.0000000000,2,CLARK (JOHN)
1150374.79355148,1892552.29354457,11,355.0000000000,NINEBARK,1447-1453 S HARDING AVE,60623,0.2200000000,24.0000000000,MINI-PARK,Ninebark,11,Ninebark,1.0000000000,1,NINEBARK
1166188.73597297,1896775.44905771,12,1047.0000000000,GARIBALDI (GIUSEPPI),1520 W POLK ST,60607,2.4500000000,1.0000000000,NEIGHBORHOOD PARK,Garibaldi,12,Garibaldi,0.0000000000,1,GARIBALDI (GIUSEPPI)
1154821.06228918,1896934.84837646,13,333.0000000000,MAGNOLIA,3228 W FLOURNOY ST,60624,0.2100000000,24.0000000000,MINI-PARK,Magnolia,13,Magnolia,0.0000000000,1,MAGNOLIA
1154344.11522953,1898027.27271142,14,1102.0000000000,GLADYS (GUNDERSON),3307 W GLADYS AVE,60624,0.2900000000,28.0000000000,MINI-PARK,Gladys,14,Gladys,0.0000000000,1,GLADYS (GUNDERSON)
1155748.90554573,1897869.82832168,15,1035.0000000000,HORAN (ALBERT),3035 W VAN BUREN ST,60612,2.7600000000,28.0000000000,NEIGHBORHOOD PARK,Horan,15,Horan,0.0000000000,2,HORAN (ALBERT)
1158757.50996433,1897463.33529058,16,206.0000000000,ALTGELD (JOHN),515 S WASHTENAW AVE,60612,4.3200000000,27.0000000000,COMMUNITY PARK,Altgeld,16,Altgeld,0.0000000000,6,ALTGELD (JOHN)
1169052.15192745,1896261.04136051,17,205.0000000000,SHERIDAN (PHILIP HENRY),910 S ABERDEEN ST,60607,3.9100000000,1.0000000000,COMMUNITY PARK,Sheridan,17,Sheridan,0.1666666667,12,SHERIDAN (PHILIP HENRY)
1176060.53789068,1896357.94366938,18,465.0000000000,DEARBORN (HENRY),865 S PARK TER,60605,1.2800000000,1.0000000000,PASSIVE PARK,Dearborn,18,Dearborn,1.0000000000,4,DEARBORN (HENRY)
1158124.68068629,1896343.1554805,19,344.0000000000,DOGWOOD,2734 W POLK ST,60612,0.1400000000,27.0000000000,MINI-PARK,Dogwood,19,Dogwood,1.0000000000,1,DOGWOOD
1165020.99681595,1939518.47404825,20,227.0000000000,SENN (NICHOLAS),5887 N RIDGE AVE,60660,8.1300000000,48.0000000000,COMMUNITY PARK,Senn,20,Senn,0.3000000000,10,SENN (NICHOLAS)
1165882.10265896,1843939.57043925,21,176.0000000000,COSME (MARGARET),2100 W 91ST ST,60620,3.5500000000,19.0000000000,NEIGHBORHOOD PARK,Cosme,21,Cosme,0.0000000000,3,COSME (MARGARET)
1178863.2015179,1897700.97032333,22,24.0000000000,GRANT (ULYSSES),331 E RANDOLPH ST,60605,324.7000000000,2.0000000000,MAGNET PARK,Grant,22,Grant,0.1666666667,66,GRANT (ULYSSES)
1174746.59177328,1891566.68799785,23,481.0000000000,TOM (PING) MEML.,300 W 18TH ST,60616,17.3600000000,1.0000000000,PASSIVE PARK,Ping Tom Memorial,23,Ping Tom,0.0000000000,13,TOM (PING) MEML.
1149808.85792756,1938655.84414408,24,533.0000000000,NORTH PARK NATURE CENTER,5801 N PULASKI RD,60646,51.7300000000,39.0000000000,NATURE PRESERVE PARK,North Park Nature Center,25,North Park Village Nature Center,0.0000000000,1,NORTH PARK NATURE CENTER
1184828.02400042,1875655.35917969,25,485.0000000000,KENNICOTT (JONATHAN),4434 S LAKE PARK AVE,60653,2.5000000000,4.0000000000,COMMUNITY PARK,Kennicott,26,Kennicott,0.1250000000,8,KENNICOTT (JONATHAN)
1163567.22306631,1951113.77250221,26,506.0000000000,WASHINGTON (HAROLD) MEM.,7710 N PAULINA ST,60626,0.1700000000,49.0000000000,MINI-PARK,Washington (Harold) Mem.,27,Washington Memorial,0.0000000000,2,WASHINGTON (HAROLD) MEM.
1184996.67229307,1817118.71966291,27,255.0000000000,CARVER (GEORGE WASHINGTON),939 E 132ND ST,60627,19.4200000000,9.0000000000,REGIONAL PARK,Carver,28,Carver,0.0000000000,7,CARVER (GEORGE WASHINGTON)
1166841.72176425,1893467.06660064,28,262.0000000000,ADDAMS (JANE),1301 W 14TH ST,60608,13.4400000000,1.0000000000,REGIONAL PARK,Addams (Jane),29,Addams Memorial (Jane),0.0000000000,1,ADDAMS (JANE)
1168269.92075889,1894034.8492343,29,1030.0000000000,FOSCO (PETER),1313 S THROOP ST,60608,3.3300000000,1.0000000000,NEIGHBORHOOD PARK,Fosco,30,Fosco,0.0000000000,19,FOSCO (PETER)
1148463.76206482,1909136.63881471,30,1039.0000000000,KEDVALE,4140 W HIRSCH ST,60651,0.7800000000,31.0000000000,NEIGHBORHOOD PARK,Kedvale,31,Kedvale,0.0000000000,3,KEDVALE
1164680.73075598,1942933.9502397,31,1061.0000000000,SCHREIBER,1552 W SCHREIBER AVE,60626,1.7100000000,40.0000000000,NEIGHBORHOOD PARK,Schreiber,24,Schreiber,0.0000000000,5,SCHREIBER
1173714.28413755,1849600.53343845,32,386.0000000000,JACKSON (MAHALIA),8385 S BIRKHOFF AVE,60620,4.4400000000,21.0000000000,COMMUNITY PARK,Jackson (Mahalia),32,Jackson (Mahalia),1.0000000000,2,JACKSON (MAHALIA)
1162282.17541166,1899261.3525547,33,1065.0000000000,"TOUHY-HERBERT (JOHN, VICTOR)",2106 W ADAMS ST,60612,2.9800000000,27.0000000000,NEIGHBORHOOD PARK,Touhy-Herbert,33,Touhy-Herbert,0.0000000000,2,"TOUHY-HERBERT (JOHN, VICTOR)"
1130190.15503801,1913981.71693895,34,127.0000000000,RUTHERFORD SAYRE,6871 W BELDEN AVE,60635,12.3300000000,36.0000000000,COMMUNITY PARK,Rutherford Sayre,34,Rutherford Sayre,0.0000000000,7,RUTHERFORD SAYRE
1165804.34589131,1831752.61766407,35,49.0000000000,PROSPECT GARDENS,10970 S PROSPECT AVE,60643,2.8800000000,19.0000000000,PASSIVE PARK,Prospect Gardens,35,Prospect Gardens,0.5000000000,2,PROSPECT GARDENS
1176141.88903212,1893246.87405231,36,480.0000000000,COTTON TAIL,44 W 15TH ST,60616,2.1900000000,1.0000000000,NEIGHBORHOOD PARK,Cotton Tail,45,Cotton Tail,0.0000000000,4,COTTON TAIL
1174834.32314461,1882747.08466843,37,3.0000000000,ARMOUR (PHILIP) SQUARE,3309 S SHIELDS AVE,60616,8.2200000000,11.0000000000,COMMUNITY PARK,Armour Square,60,Armour Square,0.0000000000,12,ARMOUR (PHILIP) SQUARE
1158138.74535994,1922817.26025034,38,457.0000000000,CLARK (RICHARD),3400 N ROCKWELL AVE,60618,21.5600000000,47.0000000000,PASSIVE PARK,Clark (Richard),38,Clark (Richard),0.0000000000,4,CLARK (RICHARD)
1158138.74535994,1922817.26025034,39,457.0000000000,CLARK (RICHARD),3400 N ROCKWELL AVE,60618,21.5600000000,47.0000000000,PASSIVE PARK,Clark (Richard),37,Clark Boathouse,0.0000000000,2,CLARK (RICHARD)
1184237.69534351,1877946.5134879,40,532.0000000000,"WILLIAMS-DAVIS (HATTIE KAY,IZORA)",4101 S. LAKE PARK AVE,60653,2.8500000000,4.0000000000,NEIGHBORHOOD PARK,Williams-Davis,39,Williams-Davis,0.0000000000,2,"WILLIAMS-DAVIS (HATTIE KAY,IZORA)"
1178496.06087675,1885210.55790399,41,267.0000000000,DUNBAR (PAUL LAURENCE),200 E 31ST ST,60616,20.7600000000,2.0000000000,REGIONAL PARK,Dunbar,56,Dunbar,0.2222222222,9,DUNBAR (PAUL LAURENCE)
1172367.80145121,1884439.18110715,42,1121.0000000000,HUMBERT (JAMES),632 W 31ST ST,60616,0.3500000000,11.0000000000,MINI-PARK,Humbert,57,Humbert,0.0000000000,2,HUMBERT (JAMES)
1181722.46063935,1892678.96834557,43,34.0000000000,NORTHERLY ISLAND,1400 S LYNN WHITE DR,60605,91.2000000000,1.0000000000,MAGNET PARK,Northerly Island,43,Northerly Island,0.0000000000,5,NORTHERLY ISLAND
1176107.78578827,1894581.53132348,44,479.0000000000,JONES (MARY RICHARDSON),1240 S PLYMOUTH CT,60616,1.1300000000,1.0000000000,NEIGHBORHOOD PARK,Jones,44,Jones,0.0000000000,1,JONES (MARY RICHARDSON)
1165939.4652403,1882434.41589876,45,1062.0000000000,"KUCINSKI-MURPHY (VICKI, ROSEBETH)",1635 W 33RD PL,60608,0.6600000000,11.0000000000,NEIGHBORHOOD PARK,Kucinski-Murphy,61,Kucinski-Murphy,0.0000000000,1,"KUCINSKI-MURPHY (VICKI, ROSEBETH)"
1147952.21285764,1892695.49981674,46,202.0000000000,FRANKLIN (BENJAMIN),1449 S KOLIN AVE,60623,8.4700000000,24.0000000000,COMMUNITY PARK,Franklin,36,Franklin,0.1111111111,9,FRANKLIN (BENJAMIN)
1151190.07661008,1892852.76461166,47,353.0000000000,HORNBEAM,1422 S HAMLIN AVE,60623,0.3100000000,2.0000000000,MINI-PARK,Hornbeam,40,Hornbeam,0.0000000000,1,HORNBEAM
1168086.05451391,1891343.29545973,48,1159.0000000000,THROOP (AMOS GAGER),1811 S THROOP ST,60608,0.6400000000,25.0000000000,NEIGHBORHOOD PARK,Throop,41,Throop,0.0000000000,1,THROOP (AMOS GAGER)
1163998.78033964,1891090.28847696,49,213.0000000000,HARRISON (CARTER),1824 S WOOD ST,60608,17.3900000000,25.0000000000,REGIONAL PARK,Harrison,46,Harrison,0.0000000000,8,HARRISON (CARTER)
1171042.24459593,1891042.8773767,50,352.0000000000,REYES (GUADALUPE),827 W 19TH ST,60608,0.4000000000,25.0000000000,MINI-PARK,Reyes,47,Reyes,1.0000000000,1,REYES (GUADALUPE)
1163154.01809439,1889498.28368914,51,1022.0000000000,BARRETT (JOHN),2022 W CERMAK RD,60608,0.6500000000,25.0000000000,NEIGHBORHOOD PARK,Barrett,48,Barrett,0.0000000000,1,BARRETT (JOHN)
1153950.47448098,1889370.48672084,52,1108.0000000000,HOMAN (JOSEPH),2148 S HOMAN AVE,60623,0.1700000000,24.0000000000,MINI-PARK,Homan,49,Homan Square,0.0000000000,6,HOMAN (JOSEPH)
1165935.0280128,1883588.87572226,53,1284.0000000000,MULBERRY,3150 S ROBINSON CT,60608,0.5600000000,11.0000000000,NEIGHBORHOOD PARK,Mulberry,58,Mulberry,0.0000000000,1,MULBERRY
1152240.73418935,1888587.52372093,54,212.0000000000,SHEDD (JOHN G.),3660 W 23RD ST,60623,1.1300000000,22.0000000000,COMMUNITY PARK,Shedd,50,Shedd,0.0000000000,4,SHEDD (JOHN G.)
1174766.98002953,1888008.54688903,55,451.0000000000,SUN YAT-SEN,300 W 24TH PL,60616,0.3200000000,1.0000000000,MINI-PARK,Sun Yat-Sen,51,Sun-Yet Sen,0.0000000000,2,SUN YAT-SEN
1153656.71441958,1887644.11827577,56,1066.0000000000,LIMAS (JULIANN HOPE),2410 S TRUMBULL AVE,60623,0.3400000000,22.0000000000,MINI-PARK,Limas,52,Limas,1.0000000000,1,LIMAS (JULIANN HOPE)
1158950.93093273,1887075.40517868,57,1070.0000000000,WASHTENAW,2521 S WASHTENAW AVE,60608,0.8300000000,25.0000000000,NEIGHBORHOOD PARK,Washtenaw,53,Washtenaw,0.7500000000,4,WASHTENAW
1171069.23279503,1885300.45489039,58,2.0000000000,MCGUANE (JOHN),2901 S POPLAR AVE,60608,10.0000000000,11.0000000000,COMMUNITY PARK,McGuane,42,McGuane,0.3125000000,16,MCGUANE (JOHN)
1176245.66900353,1886084.35331758,59,261.0000000000,WILLIAMS (DANIEL HALE),2710 S DEARBORN ST,60616,8.5100000000,2.0000000000,COMMUNITY PARK,Williams,54,Williams,0.0000000000,1,WILLIAMS (DANIEL HALE)
1153732.48488159,1885230.97890732,60,453.0000000000,MIAMI,2754 S TRUMBULL AVE,60623,0.1400000000,22.0000000000,MINI-PARK,Miami,55,Miami,0.0000000000,3,MIAMI
1148472.87010018,1883034.14967072,61,230.0000000000,PIOTROWSKI (LILLIAN),4200 W 31ST ST,60623,22.9300000000,22.0000000000,REGIONAL PARK,Piotrowski,59,Piotrowski,0.1739130435,23,PIOTROWSKI (LILLIAN)
1169228.81432282,1882094.46538977,62,1071.0000000000,WILSON (JOHN),1122 W 34TH PL,60608,1.4300000000,11.0000000000,NEIGHBORHOOD PARK,Wilson (John),62,Wilson (John) Community Center,0.0000000000,3,WILSON (JOHN)
1162731.22991159,1881910.75562766,63,1036.0000000000,HOYNE (THOMAS),3417 S HAMILTON AVE,60608,2.0100000000,12.0000000000,NEIGHBORHOOD PARK,Hoyne,63,Hoyne,0.0000000000,2,HOYNE (THOMAS)
1181282.10373486,1880987.07684696,64,1213.0000000000,ELLIS (SAMUEL),600 E 37TH ST,60653,9.8600000000,2.0000000000,COMMUNITY PARK,Ellis,64,Ellis,0.2857142857,7,ELLIS (SAMUEL)
1157368.41538223,1881097.687135,65,426.0000000000,BRIGHTON,3501 S RICHMOND ST,60632,0.9400000000,12.0000000000,NEIGHBORHOOD PARK,Brighton,65,Brighton,0.0000000000,3,BRIGHTON
1170902.72502328,1880701.91266464,66,1029.0000000000,DONOVAN (GEORGE),3620 S LITUANICA AVE,60609,2.6800000000,11.0000000000,NEIGHBORHOOD PARK,Donovan,66,Donovan,0.5000000000,2,DONOVAN (GEORGE)
1178454.98231901,1880029.37777196,67,1020.0000000000,ANDERSON (LOUIS),3748 S PRAIRIE AVE,60653,0.8600000000,2.0000000000,COMMUNITY PARK,Anderson,67,Anderson (Louis),0.5000000000,2,ANDERSON (LOUIS)
1175375.29511457,1879766.77858417,68,286.0000000000,WENTWORTH (JOHN) GARDENS,3770 S WENTWORTH AVE,60609,2.5300000000,11.0000000000,COMMUNITY PARK,Wentworth (John) Gardens,68,Wentworth Garden,0.0000000000,4,WENTWORTH (JOHN) GARDENS
1178695.0248995,1867571.52643522,69,1111.0000000000,HANSBERRY (LORRAINE),5635 S INDIANA AVE,60637,0.2500000000,20.0000000000,MINI-PARK,Hansberry,69,Hansberry,0.0000000000,1,HANSBERRY (LORRAINE)
1162392.01383949,1879457.39244432,70,23.0000000000,MCKINLEY (WILLIAM),2210 W PERSHING RD,60609,69.2800000000,12.0000000000,REGIONAL PARK,McKinley,71,McKinley,0.2000000000,10,MCKINLEY (WILLIAM)
1178583.84275223,1878035.87940872,71,323.0000000000,POPLAR,4046 S PRAIRIE AVE,60653,0.2500000000,2.0000000000,MINI-PARK,Poplar,72,Poplar,0.0000000000,2,POPLAR
1177555.13397256,1876752.43260716,72,321.0000000000,ASPEN,4237 S WABASH AVE,60653,0.2000000000,3.0000000000,MINI-PARK,Aspen,73,Aspen,0.0000000000,2,ASPEN
1178450.97837222,1876308.98524723,73,1112.0000000000,JACKSON (ROBERT),4319 S INDIANA AVE,60653,0.2400000000,3.0000000000,MINI-PARK,Jackson (Robert),74,Jackson Playlot,1.0000000000,1,JACKSON (ROBERT)
1181352.63069882,1875650.59798698,74,492.0000000000,ARMSTRONG (LILLIAN HARDIN),4433 S ST LAWRENCE,60653,8.6000000000,4.0000000000,COMMUNITY PARK,Armstrong,75,Armstrong,0.0000000000,1,ARMSTRONG (LILLIAN HARDIN)
1143171.02766095,1875154.04484792,75,305.0000000000,LE CLAIRE COURTS - HEARST COMM. CTR,5116 W 44TH ST,60638,12.3300000000,12.0000000000,COMMUNITY PARK,Le Claire Courts - Hearst Comm. Ctr,76,LeClaire Court,0.1428571429,7,LE CLAIRE COURTS - HEARST COMM. CTR
1149309.61804921,1875461.0957825,76,372.0000000000,CATALPA,4330 S KEDVALE AVE,60632,0.4300000000,12.0000000000,MINI-PARK,Catalpa,77,Catalpa,0.0000000000,1,CATALPA
1165754.70900226,1875197.23871739,77,14.0000000000,DAVIS (DR. NATHAN) SQUARE,4430 S MARSHFIELD AVE,60609,8.1300000000,12.0000000000,COMMUNITY PARK,Davis (Nathan) Square,78,Davis Square,0.1111111111,9,DAVIS (DR. NATHAN) SQUARE
1180005.32216839,1875183.41046928,78,322.0000000000,BIRCH,427 E 45TH ST,60653,0.1400000000,3.0000000000,MINI-PARK,Birch,79,Birch,0.0000000000,2,BIRCH
1184121.62118329,1874924.60163973,79,362.0000000000,BROOKS (GWENDOLYN),4542 S GREENWOOD AVE,60653,2.3500000000,4.0000000000,NEIGHBORHOOD PARK,Brooks (Gwendolyn),80,Brooks (Gwendolyn),0.0000000000,2,BROOKS (GWENDOLYN)
1174896.79948247,1866876.18520326,80,1014.0000000000,SHERWOOD (JESSE),5705 S SHIELDS AVE,60621,6.2000000000,3.0000000000,COMMUNITY PARK,Sherwood,70,Sherwood,0.0000000000,6,SHERWOOD (JESSE)
1174729.43330162,1874629.79676511,81,4.0000000000,FULLER (MELVILLE),331 W 45TH ST,60609,10.5000000000,11.0000000000,COMMUNITY PARK,Fuller,82,Fuller,0.2500000000,12,FULLER (MELVILLE)
1151717.28542955,1874470.43109632,82,1278.0000000000,WALNUT,3801 W 45TH ST,60632,0.5300000000,12.0000000000,NEIGHBORHOOD PARK,Walnut,83,Walnut,1.0000000000,2,WALNUT
1181470.61522169,1874236.9128657,83,351.0000000000,HONEYSUCKLE,4637 S CHAMPLAIN AVE,60653,0.2100000000,4.0000000000,MINI-PARK,Honeysuckle,84,Honeysuckle,1.0000000000,2,HONEYSUCKLE
1176687.88845015,1873259.84758747,84,271.0000000000,TAYLOR (ROBERT ROCHON),100 W 47TH ST,60609,9.0200000000,3.0000000000,COMMUNITY PARK,Taylor,85,Taylor,0.0000000000,6,TAYLOR (ROBERT ROCHON)
1186125.78681653,1872451.95120896,85,1010.0000000000,KENWOOD COMM.,1330 E 50TH ST,60615,9.4600000000,4.0000000000,COMMUNITY PARK,Kenwood Comm.,86,Kenwood,0.5000000000,4,KENWOOD COMM.
1179182.08918677,1872432.36829648,86,1033.0000000000,HARDING (GEORGE),4912 S CALUMET AVE,60615,0.6500000000,3.0000000000,NEIGHBORHOOD PARK,Harding (George),87,Harding (George),0.0000000000,1,HARDING (GEORGE)
1147450.92345965,1871761.82624604,87,250.0000000000,ARCHER (WILLIAM BEATTY),4901 S KILBOURN AVE,60632,13.2200000000,23.0000000000,COMMUNITY PARK,Archer,88,Archer,0.0909090909,11,ARCHER (WILLIAM BEATTY)
1167073.66821402,1872289.43974828,88,404.0000000000,PACKINGTOWN,4856 S LAFLIN ST,60609,0.1400000000,14.0000000000,MINI-PARK,Packingtown,89,Packingtown,1.0000000000,1,PACKINGTOWN
1184156.52701744,1869325.11671697,89,291.0000000000,STOUT (FLORENCE),5446 S GREENWOOD AVE,60615,2.7000000000,4.0000000000,NEIGHBORHOOD PARK,Stout,90,Stout,1.0000000000,3,STOUT (FLORENCE)
1162937.66634401,1869404.53999115,90,1028.0000000000,MICEK (FRANK),5311 S HAMILTON AVE,60609,1.2600000000,14.0000000000,NEIGHBORHOOD PARK,Micek,91,Micek,0.0000000000,3,MICEK (FRANK)
1183244.42182138,1869255.7915845,91,292.0000000000,COLEMAN (BESSIE),900 E 54TH PL,60615,0.4700000000,4.0000000000,MINI-PARK,Coleman,92,Coleman,1.0000000000,1,COLEMAN (BESSIE)
1188302.07514304,1869152.94846495,92,378.0000000000,CORNELL (PAUL),5473 S CORNELL AVE,60615,0.2100000000,5.0000000000,MINI-PARK,Cornell,93,Cornell,1.0000000000,2,CORNELL (PAUL)
1174795.41881164,1868856.95033711,93,394.0000000000,MALUS,5426 S SHIELDS AVE,60609,0.5800000000,3.0000000000,NEIGHBORHOOD PARK,Malus,94,Malus,1.0000000000,2,MALUS
1148124.16469609,1868112.30709742,94,1016.0000000000,STROHACKER (HOWARD),4347 W 54TH ST,60632,3.6800000000,23.0000000000,NEIGHBORHOOD PARK,Strohacker,95,Strohacker,1.0000000000,1,STROHACKER (HOWARD)
1171504.79489915,1867767.44215032,95,440.0000000000,LUNA,5558 S GREEN ST,60621,0.1600000000,16.0000000000,MINI-PARK,Luna,96,Luna,1.0000000000,1,LUNA
1186179.31377824,1867609.15526131,96,1083.0000000000,BIXLER (RAY),5641 S KENWOOD AVE,60637,0.9500000000,5.0000000000,NEIGHBORHOOD PARK,Bixler,97,Bixler,0.0000000000,2,BIXLER (RAY)
1172163.33533402,1867677.42872618,97,1098.0000000000,EMERALD,5600 S EMERALD AVE,60621,0.2000000000,3.0000000000,MINI-PARK,Emerald,98,Emerald,1.0000000000,1,EMERALD
1169396.49151851,1866660.4888562,98,1051.0000000000,MORAN (TERRANCE),5727 S RACINE AVE,60621,1.7100000000,16.0000000000,NEIGHBORHOOD PARK,Moran,81,Moran,0.5000000000,4,MORAN (TERRANCE)
1135041.63448119,1865988.08753542,99,238.0000000000,WENTWORTH (JOHN),5625 S MOBILE AVE,60638,20.1100000000,23.0000000000,REGIONAL PARK,Wentworth (John),99,Wentworth,0.1666666667,6,WENTWORTH (JOHN)
1148369.76907493,1865974.52304898,100,247.0000000000,PASTEUR (LOUIS),5825 S KOSTNER AVE,60629,16.8700000000,13.0000000000,REGIONAL PARK,Pasteur,100,Pasteur,0.3333333333,3,PASTEUR (LOUIS)
1165682.74921663,1865744.80736997,101,1008.0000000000,HERMITAGE,5839 S WOOD ST,60636,3.9500000000,15.0000000000,NEIGHBORHOOD PARK,Hermitage,101,Hermitage,0.0000000000,4,HERMITAGE
1172471.75273951,1864600.49871817,102,391.0000000000,EDMONDS (MOLLY),711 W 60TH PL,60621,0.3100000000,16.0000000000,MINI-PARK,Edmonds,102,Edmonds,0.0000000000,2,EDMONDS (MOLLY)
1130324.81039143,1864432.74698266,103,371.0000000000,VALLEY FORGE,7001 W 59TH ST,60638,7.7400000000,23.0000000000,COMMUNITY PARK,Valley Forge,103,Valley Forge,0.1250000000,8,VALLEY FORGE
1163794.43056096,1864698.88762216,104,243.0000000000,LINDBLOM (ROBERT),6054 S DAMEN AVE,60636,17.7600000000,15.0000000000,REGIONAL PARK,Lindblom,104,Lindbloom,0.3333333333,6,LINDBLOM (ROBERT)
1185595.67376828,1864097.73967091,105,336.0000000000,HUCKLEBERRY,6200 S KIMBARK AVE,60637,0.1900000000,20.0000000000,MINI-PARK,Huckleberry,105,Huckleberry,0.0000000000,1,HUCKLEBERRY
1135484.58592402,1862838.03414879,106,234.0000000000,HALE (NATHAN),6140 S MELVINA AVE,60638,16.6000000000,23.0000000000,REGIONAL PARK,Hale,106,Hale,0.1000000000,10,HALE (NATHAN)
1186529.01713985,1864227.67203972,107,328.0000000000,BEEHIVE,6156 S DORCHESTER AVE,60637,0.1100000000,5.0000000000,MINI-PARK,Beehive,107,Beehive,0.0000000000,2,BEEHIVE
1184064.589191,1862628.21657028,108,1154.0000000000,TILL-MOBLEY (MAMIE),6410 S ELLIS AVE,60637,0.4300000000,20.0000000000,MINI-PARK,Till-Mobley,108,Till-Mobley,0.0000000000,1,TILL-MOBLEY (MAMIE)
1174911.1251531,1862406.12069413,109,415.0000000000,JUNCTION GROVE,345 W 64TH ST,60621,0.2200000000,16.0000000000,MINI-PARK,Junction Grove,109,Junction Grove,1.0000000000,1,JUNCTION GROVE
1185629.66515447,1862318.42952687,110,337.0000000000,MOCCASIN RANCH,6446 S KIMBARK AVE,60637,0.1700000000,20.0000000000,MINI-PARK,Moccasin Ranch,110,Moccasin Ranch,1.0000000000,1,MOCCASIN RANCH
1168779.54878379,1861345.57054766,111,8.0000000000,OGDEN (WILLIAM),6500 S RACINE AVE,60636,60.5400000000,17.0000000000,REGIONAL PARK,Ogden,111,Ogden,0.0000000000,8,OGDEN (WILLIAM)
1143058.40655173,1861774.59548475,112,1011.0000000000,LAWLER (MICHAEL),5210 W 64TH ST,60638,6.2000000000,13.0000000000,COMMUNITY PARK,Lawler,112,Lawler,0.3333333333,6,LAWLER (MICHAEL)
1129981.53067252,1861801.63905372,113,505.0000000000,NOTTINGHAM,7101 W 63RD ST,60638,0.4800000000,23.0000000000,PASSIVE PARK,Nottingham,113,Nottingham,0.0000000000,2,NOTTINGHAM
1176636.51829613,1861329.7166458,114,436.0000000000,PERIWINKLE,100 W 66TH ST,60621,0.5100000000,16.0000000000,NEIGHBORHOOD PARK,Periwinkle,114,Periwinkle,1.0000000000,2,PERIWINKLE
1185257.42174681,1861405.26215267,115,331.0000000000,FLYING SQUIRREL,6600 S WOODLAWN AVE,60637,0.1600000000,20.0000000000,MINI-PARK,Flying Squirrel,115,Flying Squirrel,0.0000000000,1,FLYING SQUIRREL
1149141.94861929,1860453.64614363,116,245.0000000000,WEST LAWN,4233 W 65TH ST,60629,16.7300000000,13.0000000000,REGIONAL PARK,West Lawn,116,West Lawn,0.1764705882,17,WEST LAWN
1164911.55323836,1861015.39099712,117,403.0000000000,WOLCOTT (ALEXANDER),6551 S WOLCOTT AVE,60636,0.1400000000,15.0000000000,MINI-PARK,Wolcott,117,Wolcott,0.0000000000,2,WOLCOTT (ALEXANDER)
1184602.82271489,1860986.61249419,118,340.0000000000,BOSWELL (ARNITA YOUNG),6646 S UNIVERSITY AVE,60637,0.2900000000,20.0000000000,MINI-PARK,Boswell,118,Boswell,1.0000000000,2,BOSWELL (ARNITA YOUNG)
1194215.58459817,1859333.23740825,119,429.0000000000,SOUTH SHORE CULTL. CTR.,7059 S SOUTH SHORE DR,60649,64.5000000000,5.0000000000,CITYWIDE PARK,South Shore Cultl. Ctr.,119,South Shore Cultural Center,0.0000000000,7,SOUTH SHORE CULTL. CTR.
1187294.23022022,1858790.79711235,120,1275.0000000000,CHESTNUT,7005 S DANTE AVE,60637,0.3700000000,20.0000000000,MINI-PARK,Chestnut,120,Chestnut,1.0000000000,2,CHESTNUT
1164318.72063987,1858521.03161118,121,441.0000000000,DREXEL (FRANCIS),6931 S DAMEN AVE,60636,0.2800000000,15.0000000000,MINI-PARK,Drexel,121,Drexel,1.0000000000,1,DREXEL (FRANCIS)
1185130.97746134,1865799.24437679,122,1268.0000000000,MIDWAY PLAISANCE,5950 S WOODLAWN AVE,60637,80.0000000000,5.0000000000,CITYWIDE PARK,Midway Plaisance,122,Midway Plaisance,0.1666666667,6,MIDWAY PLAISANCE
1179939.38559756,1857591.90855612,123,1049.0000000000,MEYERING (WILLIAM),7140 S DR MARTIN LUTHER KING J,60619,3.1000000000,6.0000000000,NEIGHBORHOOD PARK,Meyering,123,Meyering,0.0000000000,4,MEYERING (WILLIAM)
1184732.26230563,1857344.46236351,124,387.0000000000,HOARD (EDISON),7221 S DOBSON AVE,60619,2.5000000000,6.0000000000,NEIGHBORHOOD PARK,Hoard,124,Hoard,0.0000000000,1,HOARD (EDISON)
1174145.17258117,1856551.26970834,125,9.0000000000,HAMILTON (ALEXANDER),513 W 72ND ST,60621,29.9500000000,17.0000000000,REGIONAL PARK,Hamilton,125,Hamilton,0.0000000000,9,HAMILTON (ALEXANDER)
1195830.33391162,1856964.70231719,126,459.0000000000,ASHE (ARTHUR) BEACH,2701 E 74TH ST,60649,2.1800000000,5.0000000000,NEIGHBORHOOD PARK,Ashe Beach,126,Ashe Beach,0.0000000000,3,ASHE (ARTHUR) BEACH
1188609.27811331,1856732.23588005,127,1073.0000000000,WOODHULL (ROSS),7340 S EAST END AVE,60649,2.2400000000,5.0000000000,NEIGHBORHOOD PARK,Woodhull,127,Woodhull,0.0000000000,4,WOODHULL (ROSS)
1176326.8418514,1856301.19787681,128,1048.0000000000,MEMORIAL,149 W 73RD ST,60621,2.6900000000,6.0000000000,NEIGHBORHOOD PARK,Memorial,128,Memorial Playlot,0.3333333333,3,MEMORIAL
1165785.45960101,1856004.82114459,129,1053.0000000000,MURRAY (DAVID),1743 W 73RD ST,60636,3.0400000000,17.0000000000,NEIGHBORHOOD PARK,Murray,129,Murray,1.0000000000,2,MURRAY (DAVID)
1169349.5013914,1854146.78129994,130,334.0000000000,"KING (MARTIN LUTHER, JR.)",1212 W 77TH ST,60620,6.3900000000,17.0000000000,REGIONAL PARK,King,135,King,0.0000000000,2,"KING (MARTIN LUTHER, JR.)"
1174187.36867866,1840065.27351414,131,66.0000000000,EUCLID,9800 S PARNELL AVE,60628,5.6300000000,21.0000000000,COMMUNITY PARK,Euclid,141,Euclid,0.0000000000,6,EUCLID
1190421.98062655,1855306.34094573,132,231.0000000000,ROSENBLUM (J. LESLIE),2000 E 75TH ST,60649,10.8400000000,8.0000000000,COMMUNITY PARK,Rosenblum,131,Rosenblum,0.0000000000,6,ROSENBLUM (J. LESLIE)
1184655.01796095,1855020.32189692,133,1199.0000000000,ADAMS (JOHN C.),7535 S DOBSON AVE,60619,0.8200000000,9.0000000000,PASSIVE PARK,Adams (John C.),132,Adams (John),0.0000000000,1,ADAMS (JOHN C.)
1184223.33163516,1854152.93888474,134,15.0000000000,GRAND CROSSING,7655 S INGLESIDE AVE,60619,18.9000000000,6.0000000000,REGIONAL PARK,Grand Crossing,133,Grand Crossing,0.0000000000,11,GRAND CROSSING
1187074.71615232,1854226.9217588,135,434.0000000000,ESSEX,7687 S SOUTH CHICAGO AVE,60619,0.3900000000,6.0000000000,MINI-PARK,Essex,134,Essex,0.0000000000,3,ESSEX
1173827.05377529,1843692.21517526,136,1069.0000000000,WALLACE,607 W 92ND ST,60620,0.8600000000,21.0000000000,NEIGHBORHOOD PARK,Wallace,137,Wallace,0.0000000000,2,WALLACE
1149256.81060516,1852204.41949389,137,33.0000000000,RAINEY (EDWARD),4350 W 79TH ST,60652,18.3100000000,13.0000000000,REGIONAL PARK,Rainey,136,Rainer,0.0000000000,3,RAINEY (EDWARD)
1184891.75700281,1843033.83732136,138,363.0000000000,BURNSIDE (AMBROSE),9400 S GREENWOOD AVE,60619,5.9200000000,8.0000000000,COMMUNITY PARK,Burnside,138,Burnside,0.0000000000,3,BURNSIDE (AMBROSE)
1189767.16530618,1864036.41985736,139,19.0000000000,JACKSON (ANDREW),6401 S STONY ISLAND AVE,60637,542.8900000000,5.0000000000,MAGNET PARK,Jackson (Andrew),139,Jackson (Andrew),0.3125000000,32,JACKSON (ANDREW)
1194380.6464876,1840803.47399329,140,1004.0000000000,BRADLEY (JOSEPHINE),9729 S YATES AVE,60617,4.0700000000,10.0000000000,NEIGHBORHOOD PARK,Bradley,140,Bradley,0.5000000000,2,BRADLEY (JOSEPHINE)
1198301.75294897,1850143.56652892,141,6.0000000000,RUSSELL (MARTIN) SQUARE,3045 E 83RD ST,60617,11.4700000000,7.0000000000,COMMUNITY PARK,Russell Square,143,Russell Square,0.5000000000,6,RUSSELL (MARTIN) SQUARE
1185779.36178089,1849428.7518848,142,29.0000000000,AVALON,1215 E 83RD ST,60619,27.8400000000,8.0000000000,REGIONAL PARK,Avalon,144,Avalon,0.4000000000,15,AVALON
1168014.858282,1849037.72170027,143,26.0000000000,FOSTER (J. FRANK),1400 W 84TH ST,60620,23.2000000000,18.0000000000,REGIONAL PARK,Foster,145,Foster,0.2000000000,15,FOSTER (J. FRANK)
1180187.89469814,1848383.0793974,144,270.0000000000,COLE (NAT KING),361 E 85TH ST,60619,4.6800000000,6.0000000000,NEIGHBORHOOD PARK,Cole,146,Cole,0.4285714286,7,COLE (NAT KING)
1149553.11270569,1848184.15481957,145,268.0000000000,DURKIN (MARTIN),8441 S KOLIN AVE,60652,12.8000000000,18.0000000000,COMMUNITY PARK,Durkin,147,Durkin,0.0000000000,3,DURKIN (MARTIN)
1191358.54279972,1847029.53608846,146,237.0000000000,OWENS (JESSE),2100 E 88TH ST,60617,17.2300000000,8.0000000000,COMMUNITY PARK,Owens,148,Owens,0.0000000000,6,OWENS (JESSE)
1166694.29254759,1846899.98280252,147,1046.0000000000,MARSHFIELD,1637 W 87TH ST,60620,0.7600000000,21.0000000000,NEIGHBORHOOD PARK,Marshfield,149,Marshfield,0.0000000000,2,MARSHFIELD
1153159.22121876,1846728.60731784,148,1286.0000000000,LEE (JOHN),3700 W 87TH ST,60652,0.2800000000,18.0000000000,MINI-PARK,Lee,150,Lee,0.0000000000,2,LEE (JOHN)
1203943.06176096,1834070.14537718,149,499.0000000000,BURNHAM GREENWAY,3925 E 104TH ST,60617,7.1400000000,27.0000000000,COMMUNITY PARK,Burnham Greenway,151,Burnham,0.1346153846,52,BURNHAM GREENWAY
1171437.66007067,1834219.44279394,150,236.0000000000,ROBINSON (JACKIE),10540 S MORGAN ST,60643,16.7900000000,34.0000000000,REGIONAL PARK,Robinson,152,Robinson,0.0000000000,6,ROBINSON (JACKIE)
1200038.33920908,1833616.31318846,151,1072.0000000000,WOLFE (RICHARD),3325 E 108TH ST,60617,3.6200000000,10.0000000000,NEIGHBORHOOD PARK,Wolfe,153,Wolfe,0.0000000000,2,WOLFE (RICHARD)
1168182.71815899,1928066.52844862,152,488.0000000000,CHALLENGER,1100 W IRVING PARK RD,60613,2.9400000000,46.0000000000,NEIGHBORHOOD PARK,Challenger,154,Challenger,0.0000000000,3,CHALLENGER
1156419.46159752,1833300.27081817,153,1060.0000000000,MCKIERNAN (DAVID),10714 S SAWYER AVE,60655,1.8200000000,19.0000000000,NEIGHBORHOOD PARK,McKiernan,155,McKiernan,0.3333333333,3,MCKIERNAN (DAVID)
1163323.62449814,1832960.94300113,154,47.0000000000,CRESCENT,2230 W 108TH PL,60643,5.1800000000,19.0000000000,COMMUNITY PARK,Crescent,156,Cresent,0.0000000000,1,CRESCENT
1168848.2683138,1832623.36252367,155,446.0000000000,LAMB (HAROLD),1400 W 109TH ST,60643,0.9700000000,34.0000000000,NEIGHBORHOOD PARK,Lamb,157,Lamb,1.0000000000,1,LAMB (HAROLD)
1151686.79913136,1909440.90117684,156,514.0000000000,PARK NO. 514,1434 N MONTICELLO AVE,60651,0.6800000000,26.0000000000,PASSIVE PARK,Park No. 514,177,Park 514,0.0000000000,4,PARK NO. 514
1180230.77334978,1830759.84465115,157,13.0000000000,PALMER (POTTER),200 E 111TH ST,60628,40.4800000000,9.0000000000,REGIONAL PARK,Palmer,163,Palmer,0.1538461539,13,PALMER (POTTER)
1180230.77334978,1830759.84465115,158,13.0000000000,PALMER (POTTER),200 E 111TH ST,60628,40.4800000000,9.0000000000,REGIONAL PARK,Palmer,162,Palmer Ceramics Building,0.0000000000,1,PALMER (POTTER)
1180230.77334978,1830759.84465115,159,13.0000000000,PALMER (POTTER),200 E 111TH ST,60628,40.4800000000,9.0000000000,REGIONAL PARK,Palmer,161,Palmer Men's Gym Building,0.0000000000,1,PALMER (POTTER)
1180230.77334978,1830759.84465115,160,13.0000000000,PALMER (POTTER),200 E 111TH ST,60628,40.4800000000,9.0000000000,REGIONAL PARK,Palmer,160,Palmer Square,0.0000000000,4,PALMER (POTTER)
1182139.72342306,1830972.5286577,161,1201.0000000000,ARCADE,11144 S ST LAWRENCE AVE,60628,0.8800000000,9.0000000000,PASSIVE PARK,Arcade,164,Arcade,1.0000000000,1,ARCADE
1153081.80032712,1829555.27960173,162,251.0000000000,MOUNT GREENWOOD,3724 W 111TH ST,60655,48.2100000000,19.0000000000,REGIONAL PARK,Mount Greenwood,165,Mt. Greenwood,0.3636363636,11,MOUNT GREENWOOD
1183007.54611966,1830418.26250961,163,1118.0000000000,LANGLEY,700 E 113TH ST,60628,0.9900000000,9.0000000000,NEIGHBORHOOD PARK,Langley,166,Langley,0.0000000000,5,LANGLEY
1169742.05368256,1829779.88689714,164,45.0000000000,ADA (SAWYER GARRETT),11250 S ADA ST,60643,15.2300000000,34.0000000000,REGIONAL PARK,Ada,167,Ada,0.0000000000,6,ADA (SAWYER GARRETT)
1161751.45370732,1829284.93505181,165,48.0000000000,KENNEDY (DENNIS),11320 S WESTERN AVE,60655,18.1600000000,19.0000000000,COMMUNITY PARK,Kennedy,168,Kennedy,0.2500000000,12,KENNEDY (DENNIS)
1201420.22559607,1829101.39090085,166,248.0000000000,ROWAN (WILLIAM),11546 S AVENUE L,60617,17.6200000000,10.0000000000,REGIONAL PARK,Rowan,169,Rowan,0.3333333333,6,ROWAN (WILLIAM)
1165184.97858168,1827973.38241252,167,373.0000000000,"BLACKWELDER (I.S., GERTRUDE)",1800 W 115TH ST,60643,5.0500000000,19.0000000000,COMMUNITY PARK,Blackwelder,158,Blackwelder,0.0000000000,3,"BLACKWELDER (I.S., GERTRUDE)"
1171588.27784305,1827429.69617418,168,1132.0000000000,MORGAN (THOMAS LEEDS) FIELD,11710 S MORGAN ST,60643,2.8400000000,34.0000000000,NEIGHBORHOOD PARK,Morgan Field,159,Morgan Field,0.0000000000,1,MORGAN (THOMAS LEEDS) FIELD
1169444.0349254,1826842.58965663,169,287.0000000000,COOPER (JACK),1332 W 117TH ST,60643,4.3500000000,34.0000000000,NEIGHBORHOOD PARK,Cooper,130,Cooper,0.0000000000,4,COOPER (JACK)
1180400.58063247,1826523.40921944,170,1041.0000000000,KENSINGTON,345 E 118TH ST,60628,4.8800000000,9.0000000000,NEIGHBORHOOD PARK,Kensington,170,Kensington,1.0000000000,1,KENSINGTON
1170963.02689507,1824285.21087182,171,379.0000000000,WHITE (EDWARD),1120 W 122ND ST,60643,4.5900000000,34.0000000000,NEIGHBORHOOD PARK,White (Edward),171,White,1.0000000000,1,WHITE (EDWARD)
1175938.80936579,1823023.10714606,172,225.0000000000,WEST PULLMAN,400 W 123RD ST,60628,15.6400000000,9.0000000000,REGIONAL PARK,West Pullman,172,West Pullman,0.2000000000,5,WEST PULLMAN
1163305.39571457,1926342.81131481,173,1281.0000000000,FILBERT,1822 W LARCHMONT AVE,60613,0.1000000000,47.0000000000,MINI-PARK,Filbert,187,Filbert,0.0000000000,3,FILBERT
1159434.77798704,1941034.60601173,174,1090.0000000000,KORCZAK (JANUSZ),6156 N CLAREMONT AVE,60659,0.2000000000,50.0000000000,MINI-PARK,Korczak,323,Korczak,1.0000000000,1,KORCZAK (JANUSZ)
1198100.38077239,1818696.4314458,175,17.0000000000,MANN (JAMES),3035 E 130TH ST,60633,20.0000000000,10.0000000000,REGIONAL PARK,Mann,173,Mann,0.0000000000,12,MANN (JAMES)
1181486.20098888,1818820.71137431,176,288.0000000000,GOLDEN GATE,500 E 130TH ST,60627,5.2000000000,9.0000000000,COMMUNITY PARK,Golden Gate,174,Golden Gate,0.0000000000,2,GOLDEN GATE
1201850.65634717,1816635.75922981,177,1080.0000000000,WESOLEK (MARLENE),13407 S AVENUE M,60633,0.3400000000,10.0000000000,MINI-PARK,Wesolek,175,Wesolek,1.0000000000,2,WESOLEK (MARLENE)
1176874.58659223,1893148.38178605,178,507.0000000000,COLISEUM,1466 S WABASH AV,60605,0.6600000000,0.0000000000,NEIGHBORHOOD PARK,Coliseum,142,Coliseum,0.0000000000,4,COLISEUM
1169027.91840808,1852483.61584323,179,509.0000000000,RENAISSANCE,1300 W 79TH ST,60620,1.0400000000,0.0000000000,PASSIVE PARK,Renaissance,176,Renaissance,0.0000000000,1,RENAISSANCE
1157467.08441536,1927790.03806036,180,228.0000000000,HORNER (HENRY),2741 W MONTROSE AVE,60618,54.8400000000,40.0000000000,REGIONAL PARK,Horner,178,Horner,0.5000000000,26,HORNER (HENRY)
1163907.50510603,1928446.24721579,181,1107.0000000000,ZATTERBERG (HELEN),4246 N HERMITAGE AVE,60613,0.1900000000,47.0000000000,MINI-PARK,Zatterberg,179,Zatterberg,1.0000000000,1,ZATTERBERG (HELEN)
1145221.87583581,1927347.89787822,182,85.0000000000,KOLMAR,4143 N KOLMAR AVE,60641,0.8700000000,45.0000000000,NEIGHBORHOOD PARK,Kolmar,180,Kolmar,1.0000000000,1,KOLMAR
1138951.09521038,1926727.58094776,183,147.0000000000,PORTAGE,4100 N LONG AVE,60641,36.4800000000,38.0000000000,REGIONAL PARK,Portage,182,Portage,0.5200000000,25,PORTAGE
1138951.09521038,1926727.58094776,184,147.0000000000,PORTAGE,4100 N LONG AVE,60641,36.4800000000,38.0000000000,REGIONAL PARK,Portage,181,Portage Senior Center,0.0000000000,2,PORTAGE
1142387.782675,1926940.07750834,185,1211.0000000000,DICKINSON (ARTHUR),4117 N LAVERGNE AVE,60641,0.7600000000,45.0000000000,NEIGHBORHOOD PARK,Dickinson,183,Dickinson,0.0000000000,3,DICKINSON (ARTHUR)
1168231.65284009,1926114.74590807,186,493.0000000000,KELLY (JOHN),3800 N SEMINARY AVE,60613,1.3200000000,44.0000000000,PASSIVE PARK,Kelly (John),184,Kelly,0.0000000000,4,KELLY (JOHN)
1158677.663016,1926134.81417595,187,185.0000000000,REVERE (PAUL),2509 W IRVING PARK RD,60618,9.2400000000,47.0000000000,COMMUNITY PARK,Revere,186,Revere,0.2500000000,8,REVERE (PAUL)
1158677.663016,1926134.81417595,188,185.0000000000,REVERE (PAUL),2509 W IRVING PARK RD,60618,9.2400000000,47.0000000000,COMMUNITY PARK,Revere,185,Revere Boys & Girls Club,0.0000000000,2,REVERE (PAUL)
1150026.35523835,1925965.43859181,189,83.0000000000,INDEPENDENCE,3945 N SPRINGFIELD AVE,60618,7.8600000000,35.0000000000,COMMUNITY PARK,Independence,188,Independence,0.1818181818,11,INDEPENDENCE
1170002.71284501,1925900.40464927,190,364.0000000000,GILL (JOSEPH),825 W SHERIDAN RD,60613,2.2100000000,46.0000000000,COMMUNITY PARK,Gill,189,Gill,0.4285714286,7,GILL (JOSEPH)
1147133.37734205,1901456.74888758,191,1064.0000000000,TILTON (GEORGE),305 N KOSTNER,60624,0.9800000000,0.0000000000,NEIGHBORHOOD PARK,Tilton,190,Tilton,0.0000000000,1,TILTON (GEORGE)
1148942.49791523,1900888.72059614,192,1164.0000000000,MASON (ELIZABETH),4100 W WEST END AVE,60624,0.7900000000,28.0000000000,NEIGHBORHOOD PARK,Mason,191,Mason,0.0000000000,2,MASON (ELIZABETH)
1160880.83980994,1900844.47737752,193,497.0000000000,STARR (ELLEN GATES),2306 W MAYPOLE AVE,60612,2.0000000000,27.0000000000,NEIGHBORHOOD PARK,Starr,192,Starr,0.0000000000,3,STARR (ELLEN GATES)
1166096.74901987,1901016.82029016,194,210.0000000000,UNION,1501 W RANDOLPH ST,60606,13.4600000000,27.0000000000,COMMUNITY PARK,Union,194,Union,0.1000000000,10,UNION
1166096.74901987,1901016.82029016,195,210.0000000000,UNION,1501 W RANDOLPH ST,60606,13.4600000000,27.0000000000,COMMUNITY PARK,Union,193,Union Gym Building,0.0000000000,1,UNION
1147349.16292186,1849008.38951713,196,265.0000000000,SCOTTSDALE,4620 W 83RD PL,60652,2.3200000000,18.0000000000,COMMUNITY PARK,Scottsdale,201,Scottsdale,0.0000000000,2,SCOTTSDALE
1181163.87352415,1845080.58926766,197,18.0000000000,TULEY (MURRAY),501 E 90TH PL,60619,20.1900000000,6.0000000000,REGIONAL PARK,Tuley,202,Tuley,0.0000000000,14,TULEY (MURRAY)
1176778.37955369,1876925.91125088,198,448.0000000000,METCALFE (RALPH),4196 S STATE ST,60609,6.2100000000,2.0000000000,COMMUNITY PARK,Metcalfe,195,Metcalfe,1.0000000000,4,METCALFE (RALPH)
1172399.66342462,1877128.96828395,199,1025.0000000000,"TAYLOR-LAURIDSEN (JOHN, EMIL)",647 W ROOT ST,60609,4.4900000000,11.0000000000,NEIGHBORHOOD PARK,Taylor-Lauridsen,196,Taylor Lauridsen,0.0000000000,7,"TAYLOR-LAURIDSEN (JOHN, EMIL)"
1181397.00063627,1877222.3868179,200,1273.0000000000,SUMAC,4201 S CHAMPLAIN AVE,60653,0.3100000000,4.0000000000,MINI-PARK,Sumac,197,Sumac,0.0000000000,3,SUMAC
1165469.48599894,1849305.33495443,201,1012.0000000000,O'HALLAREN (BERNARD),8335 S HONORE ST,60620,8.2000000000,18.0000000000,COMMUNITY PARK,O'Hallaren,198,O'Hallaren,0.1666666667,6,O'HALLAREN (BERNARD)
1196113.06803993,1846022.51251367,202,12.0000000000,BESSEMER (HENRY),8930 S MUSKEGON AVE,60617,18.4300000000,7.0000000000,REGIONAL PARK,Bessemer,199,Bessemer,0.0000000000,7,BESSEMER (HENRY)
1157952.88679429,1848647.93713626,203,242.0000000000,HAYES (FRANCIS),2936 W 85TH ST,60652,20.3000000000,18.0000000000,REGIONAL PARK,Hayes,200,Hayes,0.1818181818,11,HAYES (FRANCIS)
1183894.82725411,1845901.89998125,204,1210.0000000000,DIXON (LORRAINE),8931 S DAUPHIN AVE,60619,5.3100000000,8.0000000000,PASSIVE PARK,Dixon,203,Dixon,0.0000000000,2,DIXON (LORRAINE)
1182129.89076587,1848315.29359353,205,289.0000000000,BROWN (SIDNEY) MEML.,644 E 86TH ST,60619,6.8000000000,6.0000000000,COMMUNITY PARK,Brown Memorial,204,Brown Memorial,1.0000000000,2,BROWN (SIDNEY) MEML.
1175049.68403455,1843695.15658922,206,320.0000000000,ROBICHAUX (JOSEPH),9247 S EGGLESTON AVE,60620,13.3000000000,21.0000000000,COMMUNITY PARK,Robichaux,205,Robichaux,0.1428571429,7,ROBICHAUX (JOSEPH)
1169598.79734826,1844101.55697983,207,177.0000000000,BRAINERD,1246 W 92ND ST,60620,8.2300000000,21.0000000000,COMMUNITY PARK,Brainerd,206,Brainerd,0.0000000000,8,BRAINERD
1133339.26131604,1925577.32573289,208,256.0000000000,MERRIMAC,6343 W IRVING PARK RD,60634,9.1100000000,38.0000000000,COMMUNITY PARK,Merrimac,207,Merrimac,0.0000000000,9,MERRIMAC
1164555.44655176,1925067.17829387,209,1124.0000000000,MERRYMAN (THERON),3736 N MARSHFIELD AVE,60613,0.1800000000,47.0000000000,MINI-PARK,Merryman,208,Merryman,0.0000000000,3,MERRYMAN (THERON)
1165567.48322301,1924580.68545834,210,392.0000000000,JUNIPER,3656 N GREENVIEW AVE,60613,0.2900000000,46.0000000000,MINI-PARK,Juniper,209,Juniper,1.0000000000,1,JUNIPER
1155657.40463005,1923467.39968017,211,1147.0000000000,SACRAMENTO,3520 N SACRAMENTO AVE,60618,0.8000000000,33.0000000000,NEIGHBORHOOD PARK,Sacramento,210,Sacramento,1.0000000000,2,SACRAMENTO
1166444.26100469,1923503.01132135,212,398.0000000000,SHEIL (BERNARD) COMM. CTR.,3505 N SOUTHPORT AVE,60657,0.4100000000,44.0000000000,COMMUNITY PARK,Sheil Comm. Ctr.,211,Sheil,0.0000000000,4,SHEIL (BERNARD) COMM. CTR.
1145996.02929759,1922757.58328492,213,84.0000000000,KILBOURN,3501 N KILBOURN AVE,60641,11.9300000000,35.0000000000,COMMUNITY PARK,Kilbourn,212,Kilborn,0.4285714286,7,KILBOURN
1156946.63990311,1892552.25130816,214,218.0000000000,DOUGLAS (STEPHEN),1401 S SACRAMENTO,60623,174.0100000000,0.0000000000,CITYWIDE PARK,Douglas,213,Douglas,0.1428571429,14,DOUGLAS (STEPHEN)
1122264.62876609,1922539.25861522,215,229.0000000000,HIAWATHA,8029 W FOREST PRESERVE AVE,60634,12.0800000000,36.0000000000,COMMUNITY PARK,Hiawatha,214,Hiawatha,0.1428571429,7,HIAWATHA
1170928.59757547,1922706.0439539,216,1145.0000000000,WENDT (KENNETH),667 W ROSCOE ST,60657,0.1500000000,44.0000000000,MINI-PARK,Wendt,215,Wendt,0.0000000000,1,WENDT (KENNETH)
1139418.46649711,1922403.19296982,217,146.0000000000,CHOPIN (FREDERIC),3420 N LONG AVE,60641,8.2900000000,38.0000000000,COMMUNITY PARK,Chopin,216,Chopin,0.2000000000,5,CHOPIN (FREDERIC)
1152400.66674629,1921861.49290126,218,81.0000000000,AVONDALE,3516 W SCHOOL ST,60618,1.1800000000,35.0000000000,COMMUNITY PARK,Avondale,217,Avondale,0.0000000000,3,AVONDALE
1156673.90170019,1921815.76941401,219,187.0000000000,BRANDS,3285 N ELSTON AVE,60618,5.2800000000,33.0000000000,COMMUNITY PARK,Brands,218,Brands,0.1428571429,7,BRANDS
1150244.56932958,1921526.26917471,220,1056.0000000000,PARK-VIEW,3823 W SCHOOL ST,60618,0.6300000000,35.0000000000,NEIGHBORHOOD PARK,Park-View,219,Park View,1.0000000000,2,PARK-VIEW
1162288.92559278,1921341.56016104,221,1100.0000000000,FELLGER (CHARLES),2012 W BELMONT AVE,60618,0.7200000000,32.0000000000,NEIGHBORHOOD PARK,Fellger,220,Fellger,0.0000000000,2,FELLGER (CHARLES)
1144428.803766,1920960.20841068,222,501.0000000000,PARSONS (LUCY),4701 W BELMONT AVE,60641,0.3000000000,30.0000000000,UNIMPROVED PARK,Parsons,221,Parsons,0.0000000000,3,PARSONS (LUCY)
1163708.18428466,1904610.32353723,223,389.0000000000,SNOWBERRY,1855 W HURON ST,60622,0.1600000000,27.0000000000,MINI-PARK,Snowberry,222,Snowberry,0.0000000000,1,SNOWBERRY
1159310.07928519,1904201.25824915,224,1015.0000000000,SMITH (JOSEPH HIGGINS),2526 W GRAND AVE,60612,9.8200000000,27.0000000000,COMMUNITY PARK,Smith (Joseph Higgins),223,Smith (Joseph Higgins),0.4444444444,9,SMITH (JOSEPH HIGGINS)
1157956.87758284,1919623.14629525,225,1161.0000000000,ALGONQUIN,2941 N WASHTENAW AVE,60618,0.1400000000,33.0000000000,MINI-PARK,Algonquin,236,Algonquin,0.0000000000,3,ALGONQUIN
1180438.43256897,1904245.89284755,226,1224.0000000000,ADDAMS (JANE) MEML.,485 E OHIO ST,60611,4.5100000000,42.0000000000,PASSIVE PARK,Addams (Jane) Memorial,224,Addam/Medil,0.0000000000,1,ADDAMS (JANE) MEML.
1141815.46037574,1904086.18431525,227,430.0000000000,SWEET CLOVER,650 N LEAMINGTON AVE,60644,0.1300000000,37.0000000000,MINI-PARK,Sweet Clover,225,Sweet Clover,0.0000000000,2,SWEET CLOVER
1136514.1278132,1903939.33392939,228,417.0000000000,HAZELNUT,5949 W HURON ST,60644,0.2300000000,29.0000000000,MINI-PARK,Hazelnut,226,Hazelnut,0.0000000000,1,HAZELNUT
1185331.3259749,1852272.16257226,229,405.0000000000,DEBOW (RUSSELL),1126 E 80TH ST,60619,0.5500000000,8.0000000000,NEIGHBORHOOD PARK,Debow,227,Debow,1.0000000000,1,DEBOW (RUSSELL)
1151465.5014414,1850920.58578824,230,264.0000000000,BOGAN (WILLIAM),3939 W 79TH ST,60652,19.3300000000,18.0000000000,REGIONAL PARK,Bogan,228,Bogan,0.0000000000,4,BOGAN (WILLIAM)
1163917.58180314,1850933.40683944,231,239.0000000000,DAWES (CHARLES),8040 S DAMEN AV,60620,16.2600000000,18.0000000000,COMMUNITY PARK,Dawes,229,Dawes,0.1666666667,6,DAWES (CHARLES)
1167004.44297688,1919134.86398513,232,290.0000000000,SOUTH LAKEVIEW,1300 W WOLFRAM ST,60657,0.6800000000,44.0000000000,NEIGHBORHOOD PARK,South Lakeview,237,South Lakeview,1.0000000000,2,SOUTH LAKEVIEW
1156764.2495475,1918990.57842374,233,381.0000000000,GRAPE,2850 W AVONDALE AVE,60618,0.1300000000,33.0000000000,MINI-PARK,Grape,238,Grape,1.0000000000,1,GRAPE
1149915.73430593,1918001.59287862,234,120.0000000000,KOSCIUSZKO (THADEUZ),2732 N AVERS AVE,60647,8.0600000000,35.0000000000,COMMUNITY PARK,Kosciuszko,239,Kosciuszko,0.2000000000,10,KOSCIUSZKO (THADEUZ)
1193932.43569107,1851196.37296362,235,232.0000000000,ECKERSALL (WALTER HERBERT),2430 E 82ND ST,60617,2.9500000000,7.0000000000,NEIGHBORHOOD PARK,Eckersall,230,Eckersall,0.0000000000,2,ECKERSALL (WALTER HERBERT)
1162148.22816881,1920247.0330216,236,106.0000000000,HAMLIN (HANNIBAL),3035 N HOYNE AVE,60618,8.1600000000,32.0000000000,COMMUNITY PARK,Hamlin,231,Hamlin,0.5000000000,6,HAMLIN (HANNIBAL)
1163935.2811735,1920194.17920391,237,449.0000000000,WIEBOLDT (WILLIAM),1747 W NELSON ST,60657,0.2900000000,32.0000000000,MINI-PARK,Wieboldt,232,Wieboldt,1.0000000000,1,WIEBOLDT (WILLIAM)
1147483.73019987,1919262.79871886,238,1042.0000000000,KEN-WELL,2945 N KENOSHA AVE,60641,2.5300000000,35.0000000000,NEIGHBORHOOD PARK,Ken-Well,233,Ken-Well,0.5000000000,2,KEN-WELL
1130390.49681865,1919517.38175716,239,121.0000000000,"BELL (GEORGE,JR.)",3020 N OAK PARK AVE,60634,3.6900000000,36.0000000000,NEIGHBORHOOD PARK,Bell,234,Bell,0.5000000000,2,"BELL (GEORGE,JR.)"
1169679.88613165,1919692.27120452,240,1135.0000000000,WEISMAN (ALBERT),901 W OAKDALE AVE,60657,0.3000000000,44.0000000000,MINI-PARK,Weisman,235,Weisman,0.0000000000,3,WEISMAN (ALBERT)
1169261.75817037,1918007.32135383,241,425.0000000000,NOETHLING (GRACE),2645 N SHEFFIELD AVE,60614,0.4400000000,43.0000000000,MINI-PARK,Noethling,240,Noethling,0.5000000000,2,NOETHLING (GRACE)
1146252.58596804,1917512.1799799,242,126.0000000000,KELVYN (WILLIAM),4438 W WRIGHTWOOD AVE,60639,8.5000000000,30.0000000000,COMMUNITY PARK,Kelvyn,241,Kelvyn,0.1428571429,7,KELVYN (WILLIAM)
1170717.24070033,1917408.25192216,243,1168.0000000000,PARK WEST,745 W WRIGHTWOOD AVE,60614,0.1900000000,43.0000000000,MINI-PARK,Park West,242,Park West,1.0000000000,2,PARK WEST
1168918.03093046,1917279.85341521,244,1270.0000000000,JONQUIL,1023 W WRIGHTWOOD AVE,60614,2.8500000000,43.0000000000,NEIGHBORHOOD PARK,Jonquil,243,Jonquil,0.4000000000,5,JONQUIL
1165597.25163604,1917146.01844407,245,1074.0000000000,WRIGHTWOOD,2534 N GREENVIEW AVE,60614,4.2500000000,32.0000000000,NEIGHBORHOOD PARK,Wrightwood,244,Wrightwood,1.0000000000,4,WRIGHTWOOD
1167785.62771396,1917080.39473657,246,1143.0000000000,SUPERA,2528 N RACINE AVE,60614,0.3400000000,43.0000000000,MINI-PARK,Supera,245,Supera,0.0000000000,3,SUPERA
1140866.41180356,1916955.33099791,247,131.0000000000,CRAGIN,2611 N LOCKWOOD AVE,60639,2.8000000000,30.0000000000,NEIGHBORHOOD PARK,Cragin,246,Cragin,0.0000000000,3,CRAGIN
1134327.82912604,1915956.37889871,248,123.0000000000,RIIS (JACOB),6100 W FULLERTON AVE,60639,56.8400000000,36.0000000000,REGIONAL PARK,Riis,247,Riis,0.2222222222,18,RIIS (JACOB)
1165019.02217956,1916235.91087971,249,1148.0000000000,SCHAEFER (EDWARD),2415 N MARSHFIELD AVE,60614,0.2300000000,32.0000000000,MINI-PARK,Schaefer,248,Schaefer,1.0000000000,1,SCHAEFER (EDWARD)
1157693.54272172,1915960.03039774,250,1032.0000000000,HAAS (JOSEPH),2402 N WASHTENAW AVE,60647,0.8600000000,33.0000000000,NEIGHBORHOOD PARK,Haas,249,Haas,0.0000000000,6,HAAS (JOSEPH)
1168107.65877182,1914932.9664942,251,1017.0000000000,TREBES,2250 N CLIFTON AVE,60614,1.5700000000,43.0000000000,COMMUNITY PARK,Trebes,250,Trebes,0.0000000000,1,TREBES
1160530.21155863,1915203.68013914,252,455.0000000000,SENIOR CITIZENS MEML.,2238 N OAKLEY AVE,60647,0.9100000000,32.0000000000,PASSIVE PARK,Senior Citizens Meml.,251,Citizens Memorial,1.0000000000,1,SENIOR CITIZENS MEML.
1142339.2333475,1915080.61766136,253,122.0000000000,BLACKHAWK,2318 N LAVERGNE AVE,60639,6.2300000000,30.0000000000,COMMUNITY PARK,Blackhawk,252,Blackhawk,0.5000000000,4,BLACKHAWK
1160666.25088435,1914701.97725128,254,203.0000000000,HOLSTEIN,2200 N OAKLEY AVE,60647,2.7400000000,32.0000000000,COMMUNITY PARK,Holstein,253,Holstein,0.2000000000,5,HOLSTEIN
1166523.2964351,1914924.00208604,255,1277.0000000000,CLOVER,2210 N SOUTHPORT AVE,60614,0.3700000000,32.0000000000,MINI-PARK,Clover,254,Clover,1.0000000000,2,CLOVER
1145674.41867677,1914744.1127497,256,125.0000000000,HERMOSA,2240 N KILBOURN AVE,60639,4.7000000000,30.0000000000,NEIGHBORHOOD PARK,Hermosa,255,Hermosa,0.0000000000,3,HERMOSA
1171393.45889153,1914528.91255023,257,423.0000000000,OZ,2021 N BURLING ST,60614,13.3200000000,43.0000000000,COMMUNITY PARK,Oz,256,Oz,0.6250000000,8,OZ
1150181.95901128,1913375.09547545,258,128.0000000000,MOZART (AMADEUS),2036 N AVERS AVE,60647,4.4100000000,31.0000000000,COMMUNITY PARK,Mozart,257,Mozart,0.3333333333,3,MOZART (AMADEUS)
1135817.45728892,1913587.19201256,259,1280.0000000000,AIELLO (JOHN),2133 N MCVICKER AVE,60639,0.3400000000,36.0000000000,MINI-PARK,Aiello,258,Aiello,0.0000000000,3,AIELLO (JOHN)
1153918.26839587,1913605.69782995,260,1283.0000000000,MAPLE,2047 N SPAULDING AVE,60647,0.1500000000,31.0000000000,MINI-PARK,Maple,259,Maple,1.0000000000,1,MAPLE
1168848.71934753,1913008.07324432,261,1019.0000000000,ADAMS (GEORGE & ADELE),1919 N SEMINARY AVE,60614,0.6600000000,43.0000000000,NEIGHBORHOOD PARK,Adams (George & Adele),260,Adams (George & Adelle),0.4000000000,5,ADAMS (GEORGE & ADELE)
1155997.8978489,1908779.53826913,262,219.0000000000,HUMBOLDT (BARON VON),1400 N HUMBOLDT DR,60622,206.0900000000,1.0000000000,CITYWIDE PARK,Humboldt,261,Humboldt,0.2058823529,34,HUMBOLDT (BARON VON)
1182271.05538338,1879098.647171,263,504.0000000000,MANDRAKE (HENRY BROWN),900 E PERSHING RD.,60653,9.3100000000,4.0000000000,COMMUNITY PARK,Mandrake,262,Mandrake,0.0000000000,9,MANDRAKE (HENRY BROWN)
1156953.17415042,1931065.90877392,264,156.0000000000,JACOB,4674 N VIRGINIA AVE,60625,0.3900000000,40.0000000000,MINI-PARK,Jacob,359,Jacob,1.0000000000,2,JACOB
1173325.60413178,1907843.14544719,265,108.0000000000,SEWARD (WILLIAM),375 W ELM ST,60610,8.6400000000,27.0000000000,COMMUNITY PARK,Seward,263,Seward,0.1428571429,7,SEWARD (WILLIAM)
1172531.21018343,1892014.76656411,266,1113.0000000000,JEFFERSON (THOMAS),1640 S JEFFERSON ST,60616,1.8700000000,25.0000000000,NEIGHBORHOOD PARK,Jefferson (Thomas),264,Jefferson Playlot,0.0000000000,3,JEFFERSON (THOMAS)
1153162.35293789,1917680.63712485,267,293.0000000000,UNITY,2636 N KIMBALL AVE,60647,1.3600000000,35.0000000000,NEIGHBORHOOD PARK,Unity,265,Unity,0.0000000000,4,UNITY
1171868.75071033,1875184.93076183,268,443.0000000000,MCINERNEY (THOMAS),4446-58 S. EMERALD AVE,60609,1.3200000000,11.0000000000,NEIGHBORHOOD PARK,McInerney,272,McInerney,0.0000000000,1,MCINERNEY (THOMAS)
1169454.69154453,1884650.70770802,269,1024.0000000000,BOSLEY (WILLIAM),3044 S BONFIELD ST,60608,1.9400000000,11.0000000000,NEIGHBORHOOD PARK,Bosley,273,Bosley,0.0000000000,1,BOSLEY (WILLIAM)
1161080.94764067,1867994.12114287,270,22.0000000000,GAGE (GEORGE),2415 W 55TH ST,60629,29.2200000000,16.0000000000,REGIONAL PARK,Gage,266,Gage,0.1875000000,16,GAGE (GEORGE)
1154515.5507126,1937550.1601024,271,274.0000000000,LEGION,3100 W BRYN MAWR AVE,60659,49.1500000000,39.0000000000,REGIONAL PARK,Legion,267,Legion,0.8333333333,6,LEGION
1173373.93871788,1923453.68723504,272,100.0000000000,LINCOLN (ABRAHAM),200 W FULLERTON PKWY,60614,1212.1500000000,0.0000000000,MAGNET PARK,Lincoln,271,Lincoln,0.1300813008,123,LINCOLN (ABRAHAM)
1173373.93871788,1923453.68723504,273,100.0000000000,LINCOLN (ABRAHAM),200 W FULLERTON PKWY,60614,1212.1500000000,0.0000000000,MAGNET PARK,Lincoln,270,Lincoln Park Cultural Center,0.0000000000,2,LINCOLN (ABRAHAM)
1173373.93871788,1923453.68723504,274,100.0000000000,LINCOLN (ABRAHAM),200 W FULLERTON PKWY,60614,1212.1500000000,0.0000000000,MAGNET PARK,Lincoln,269,Lincoln Park Margate,0.0000000000,1,LINCOLN (ABRAHAM)
1173373.93871788,1923453.68723504,275,100.0000000000,LINCOLN (ABRAHAM),200 W FULLERTON PKWY,60614,1212.1500000000,0.0000000000,MAGNET PARK,Lincoln,268,Lincoln Park South Athletic Fieldhouse,0.0000000000,1,LINCOLN (ABRAHAM)
1150176.988244,1934012.55281928,276,41.0000000000,FIELD (EUGENE),5100 N RIDGEWAY AVE,60625,15.7800000000,39.0000000000,COMMUNITY PARK,Field,274,Eugene Field,0.2142857143,14,FIELD (EUGENE)
1170794.97691755,1886147.50717983,277,531.0000000000,PALMISANO (HENRY),2850 S HALSTED ST,60608,26.6000000000,11.0000000000,COMMUNITY PARK,Palmisano,275,Palmisano,0.0000000000,2,PALMISANO (HENRY)
1203827.40702003,1840875.87133251,278,11.0000000000,CALUMET,9801 S AVENUE G,60617,198.9800000000,10.0000000000,CITYWIDE PARK,Calumet,276,Calumet,0.0526315789,19,CALUMET
1193841.92195849,1842339.66358932,279,1287.0000000000,PINE,9507 S OGLESBY AVE,60617,0.2400000000,10.0000000000,MINI-PARK,Pine,277,Pine,0.0000000000,2,PINE
1178406.57553335,1841241.01943362,280,259.0000000000,ABBOTT (ROBERT),49 E 95TH ST,60628,22.7400000000,6.0000000000,COMMUNITY PARK,Abbott,278,Abbott,0.0000000000,7,ABBOTT (ROBERT)
1171189.6881814,1841388.15231604,281,235.0000000000,OAKDALE,965 W 95TH ST,60643,9.0300000000,21.0000000000,COMMUNITY PARK,Oakdale,279,Oakdale,0.1428571429,7,OAKDALE
1201364.18416636,1841511.79257828,282,1058.0000000000,PIETROWSKI (SYLVESTER),9650 S AVENUE M,60617,0.5500000000,10.0000000000,NEIGHBORHOOD PARK,Pietrowski,280,Pietrowski,0.0000000000,2,PIETROWSKI (SYLVESTER)
1192047.00112813,1841364.58267825,283,1126.0000000000,MERRILL (GEORGE),2131 E 96TH ST,60617,3.0900000000,10.0000000000,NEIGHBORHOOD PARK,Merrill,281,Merrill,0.0000000000,1,MERRILL (GEORGE)
1196511.27335224,1840850.92672443,284,1067.0000000000,VETERANS' MEMORIAL,2820 E 98TH ST,60617,3.8700000000,10.0000000000,NEIGHBORHOOD PARK,Veterans' Memorial,282,Veteran's Memorial,0.0000000000,4,VETERANS' MEMORIAL
1156226.92388277,1858690.81437238,285,10.0000000000,MARQUETTE (JACQUES),6734 S KEDZIE AVE,60629,322.6800000000,0.0000000000,CITYWIDE PARK,Marquette,283,Marquette,0.1200000000,25,MARQUETTE (JACQUES)
1169314.80534512,1890160.86382231,286,216.0000000000,DVORAK (ANTON),1119 W CULLERTON ST,60608,5.6300000000,25.0000000000,COMMUNITY PARK,Dvorak,284,Dvorak,0.2307692308,13,DVORAK (ANTON)
1139530.43588269,1864828.19334484,287,307.0000000000,MINUTEMAN,5940 S CENTRAL AVE,60638,8.9100000000,13.0000000000,COMMUNITY PARK,Minuteman,285,Minuteman,1.0000000000,4,MINUTEMAN
1181213.92620717,1868345.60962681,288,21.0000000000,WASHINGTON (GEORGE),5531 S DR MARTIN LUTHER KING J,60637,366.8400000000,0.0000000000,CITYWIDE PARK,Washington (George),286,Washington (George),0.2592592593,27,WASHINGTON (GEORGE)
1188823.96470208,1871275.29655603,289,494.0000000000,WASHINGTON (HAROLD),5200 S HYDE PARK BLVD,60615,12.9700000000,4.0000000000,NEIGHBORHOOD PARK,Washington (Harold),287,Washington (Harold),0.0000000000,3,WASHINGTON (HAROLD)
1163945.7516385,1918967.94192991,290,522.0000000000,WANG (CHI CHE),1762 W DIVERSEY PKWY,60657,1.9700000000,32.0000000000,UNIMPROVED PARK,Wang,288,Wang,0.0000000000,3,WANG (CHI CHE)
1182934.98245003,1863834.4541939,291,524.0000000000,HARRIS (HARRIET),6200 S DREXEL AVE,60637,2.0300000000,20.0000000000,COMMUNITY PARK,Harris (Harriet),289,Harris,0.0000000000,7,HARRIS (HARRIET)
1185827.37299695,1869608.81850421,292,277.0000000000,NICHOLS (JOHN FOUNTAIN),1342 E 54TH ST,60615,10.3900000000,4.0000000000,COMMUNITY PARK,Nichols,291,Nichols,0.2000000000,5,NICHOLS (JOHN FOUNTAIN)
1155549.36096085,1933665.7512477,293,186.0000000000,RIVER,5100 N FRANCISCO AVE,60625,30.0000000000,33.0000000000,REGIONAL PARK,River,292,River,0.0000000000,16,RIVER
1155714.38635422,1932485.91191611,294,275.0000000000,RONAN (GEORGE),3000 W ARGYLE ST,60625,13.8600000000,33.0000000000,NEIGHBORHOOD PARK,Ronan,293,Ronan,0.0000000000,5,RONAN (GEORGE)
1159489.41067383,1917244.53055301,295,549.0000000000,LOGAN SQUARE SKATE PARK,2430 W LOGAN BLVD,60647,1.6100000000,35.0000000000,NEIGHBORHOOD PARK,Logan Square Skate Park,294,Logan Square Skate Park,0.0000000000,2,LOGAN SQUARE SKATE PARK
1162442.30752617,1949018.92234357,296,166.0000000000,POTTAWATTOMIE,7340 N ROGERS AVE,60626,8.7900000000,49.0000000000,COMMUNITY PARK,Pottawattomie,299,Pottawatomie,0.1111111111,9,POTTAWATTOMIE
1163490.13342726,1948693.33476994,297,246.0000000000,TOUHY (PATRICK),7348 N PAULINA ST,60626,6.3500000000,49.0000000000,COMMUNITY PARK,Touhy,300,Touhy,0.4285714286,7,TOUHY (PATRICK)
1165773.14000673,1951477.36438528,298,1258.0000000000,JUNEWAY TERR. BEACH,7751 N EASTLAKE TER,60626,0.9300000000,49.0000000000,NEIGHBORHOOD PARK,Juneway Terr. Beach,296,Juneway Beach,1.0000000000,1,JUNEWAY TERR. BEACH
1165960.66873152,1951021.95670067,299,1262.0000000000,ROGERS (PHILLIP) BEACH,7705 N EASTLAKE TERRACE,60626,2.2800000000,49.0000000000,NEIGHBORHOOD PARK,Rogers (Phillip) Beach,297,Rogers Beach,1.0000000000,2,ROGERS (PHILLIP) BEACH
1164336.99256972,1949632.15881376,300,306.0000000000,DUBKIN (LEONARD),7442 N ASHLAND Blvd,60626,0.1300000000,49.0000000000,PASSIVE PARK,Dubkin,298,Dubkin,0.0000000000,2,DUBKIN (LEONARD)
1157794.74528838,1948362.77771981,301,240.0000000000,ROGERS (PHILLIP),7345 N WASHTENAW AVE,60645,25.8200000000,50.0000000000,REGIONAL PARK,Rogers (Phillip),301,Rogers,0.4000000000,5,ROGERS (PHILLIP)
1166594.97970899,1948101.82054819,302,1013.0000000000,LEONE (SAM) BEACH,1222 W TOUHY AVE,60626,2.5400000000,49.0000000000,COMMUNITY PARK,Leone Beach,302,Leone Beach,0.5000000000,2,LEONE (SAM) BEACH
1167405.18158931,1946723.07436075,303,115.0000000000,LOYOLA,1230 W GREENLEAF AVE,60626,21.6200000000,49.0000000000,REGIONAL PARK,Loyola,305,Loyola,0.1818181818,11,LOYOLA
1165696.24716368,1947185.87335655,304,384.0000000000,GOLDBERG (LOUIS),7053 N GLENWOOD AVE,60626,0.2000000000,49.0000000000,MINI-PARK,Goldberg,306,Goldberg,1.0000000000,2,GOLDBERG (LOUIS)
1158191.83651481,1946699.01070987,305,165.0000000000,INDIAN BOUNDARY,2500 W LUNT AVE,60645,13.0600000000,50.0000000000,REGIONAL PARK,Indian Boundary,307,Indian Boundary,0.6250000000,8,INDIAN BOUNDARY
1126845.28365635,1946617.71648488,306,61.0000000000,BROOKS (OSCAR),7046 N HARLEM AVE,60631,8.7900000000,41.0000000000,COMMUNITY PARK,Brooks (Oscar),308,Brooks (Oscar),0.6000000000,5,BROOKS (OSCAR)
1161899.76480742,1946631.76403267,307,1057.0000000000,PASCHEN (CHRISTIAN),1932 W LUNT AVE,60626,0.7900000000,50.0000000000,NEIGHBORHOOD PARK,Paschen,309,Paschen,1.0000000000,1,PASCHEN (CHRISTIAN)
1159770.44313085,1946312.62209728,308,1123.0000000000,"LUNT (ORRINGTON, STEPHEN)",2239 W LUNT AVE,60645,0.1700000000,50.0000000000,MINI-PARK,Lunt,310,Lunt,0.0000000000,1,"LUNT (ORRINGTON, STEPHEN)"
1154821.97329115,1945930.75760954,309,273.0000000000,LERNER (LEO),7000 N SACRAMENTO AVE,60645,8.3900000000,50.0000000000,COMMUNITY PARK,Lerner,311,Lerner,0.0000000000,4,LERNER (LEO)
1134591.32249675,1945800.89892473,310,257.0000000000,WILDWOOD,6950 N HIAWATHA AVE,60646,9.2200000000,41.0000000000,COMMUNITY PARK,Wildwood,303,Wildwood,1.0000000000,4,WILDWOOD
1161598.82178558,1945978.265059,311,168.0000000000,MATANKY (EUGENE),6937 N RIDGE BLVD,60626,0.4100000000,49.0000000000,MINI-PARK,Matanky,304,Matanky,0.0000000000,1,MATANKY (EUGENE)
1166388.12659511,1944847.68395369,312,450.0000000000,LAZARUS (EMMA),1257 W COLUMBIA AVE,60626,0.1600000000,49.0000000000,MINI-PARK,Lazarus,290,Lazarus,1.0000000000,1,LAZARUS (EMMA)
1154975.38207526,1944666.77114402,313,167.0000000000,CHIPPEWA,6758 N SACRAMENTO AVE,60645,2.7800000000,50.0000000000,NEIGHBORHOOD PARK,Chippewa,295,Chippewa,0.0000000000,2,CHIPPEWA
1124429.79509029,1944483.12223793,314,62.0000000000,EDISON (THOMAS ALVA),6755 N NORTHWEST HWY,60631,0.7100000000,41.0000000000,NEIGHBORHOOD PARK,Edison,312,Edison,0.0000000000,1,EDISON (THOMAS ALVA)
1162674.95799722,1941301.0584813,315,104.0000000000,EMMERSON (LOUIS),1820 W GRANVILLE AVE,60660,2.3400000000,50.0000000000,NEIGHBORHOOD PARK,Emmerson,322,Emmerson,0.5000000000,2,EMMERSON (LOUIS)
1168047.24383374,1944230.14092384,316,1248.0000000000,HARTIGAN (DAVID) BEACH,1040 W ALBION AVE,60626,2.1600000000,49.0000000000,NEIGHBORHOOD PARK,Hartigan Beach,313,Hartigan Beach,0.0000000000,3,HARTIGAN (DAVID) BEACH
1163241.26272352,1943975.59834201,317,1077.0000000000,LANGDON (MARY MARGARET),1754 W ALBION AVE,60626,0.3400000000,40.0000000000,MINI-PARK,Langdon,314,Langdon,1.0000000000,1,LANGDON (MARY MARGARET)
1124329.06980341,1943673.30413605,318,57.0000000000,MONUMENT,6700 N AVONDALE AVE,60631,0.9800000000,41.0000000000,NEIGHBORHOOD PARK,Monument,315,Monument,1.0000000000,1,MONUMENT
1139715.01617596,1943203.52291111,319,335.0000000000,EDGEBROOK,6525 N HIAWATHA AVE,60646,9.3400000000,39.0000000000,COMMUNITY PARK,Edgebrook,316,Edgebrook,0.0000000000,2,EDGEBROOK
1138359.85860001,1943097.93819168,320,1212.0000000000,GREEN (JEFFERY),6500 N ALGONQUIN AVE,60646,1.0700000000,39.0000000000,NEIGHBORHOOD PARK,Green,317,Green,1.0000000000,1,GREEN (JEFFERY)
1124894.12603901,1942579.8478451,321,60.0000000000,OLYMPIA,6566 N AVONDALE AVE,60631,10.1900000000,41.0000000000,COMMUNITY PARK,Olympia,318,Olympia,0.3333333333,6,OLYMPIA
1129841.23153203,1942390.53622334,322,140.0000000000,PLEASANT POINT,6813 W IMLAY ST,60631,1.8900000000,41.0000000000,NEIGHBORHOOD PARK,Pleasant Point,319,Pleasant Point,0.0000000000,3,PLEASANT POINT
1166375.78628747,1942411.68290879,323,390.0000000000,D'ELIA (AILEEN),6340 N LAKEWOOD AVE,60660,0.0700000000,49.0000000000,MINI-PARK,D'Elia,320,D'Elia,1.0000000000,2,D'ELIA (AILEEN)
1168689.88785113,1941610.59967734,324,1255.0000000000,BERGER (ALBERT),6227 N SHERIDAN RD,60660,3.1800000000,49.0000000000,NEIGHBORHOOD PARK,Berger,321,Berger,0.0000000000,3,BERGER (ALBERT)
1135072.94598426,1940673.14479516,325,1038.0000000000,INDIAN ROAD,6010 W MATSON AVE,60646,2.8500000000,45.0000000000,NEIGHBORHOOD PARK,Indian Road,324,Indian Road,0.4285714286,7,INDIAN ROAD
1157403.96825243,1940084.66094521,326,188.0000000000,GREEN BRIAR,2650 W PETERSON AVE,60659,3.3300000000,40.0000000000,COMMUNITY PARK,Green Briar,325,Green Briar,0.4000000000,5,GREEN BRIAR
1141844.78103971,1939766.78102804,327,366.0000000000,DEJULIO (ANTHONY),6056 N LANDERS AVE,60646,0.6700000000,39.0000000000,NEIGHBORHOOD PARK,Dejulio,326,DeJulio,1.0000000000,2,DEJULIO (ANTHONY)
1168820.58775914,1939576.6374139,328,1265.0000000000,LANE (GEORGE) BEACH,1000 W THORNDALE AVE,60660,0.7900000000,48.0000000000,PASSIVE PARK,Lane Beach,327,Lane Beach,0.0000000000,3,LANE (GEORGE) BEACH
1156103.99273574,1939356.09044855,329,241.0000000000,MATHER (STEPHEN TYNG),5835 N LINCOLN AVE,60659,14.0600000000,40.0000000000,REGIONAL PARK,Mather,328,Mather,0.0000000000,5,MATHER (STEPHEN TYNG)
1167377.52089328,1939399.68349255,330,462.0000000000,BROADWAY ARMORY,5917 N BROADWAY,60660,1.7500000000,48.0000000000,COMMUNITY PARK,Broadway Armory,329,Broadway Armory,0.0000000000,3,BROADWAY ARMORY
1153236.22791044,1939327.55341169,331,75.0000000000,HOLLYWOOD,3312 W THORNDALE AVE,60659,6.4800000000,39.0000000000,COMMUNITY PARK,Hollywood,330,Hollywood,0.3333333333,3,HOLLYWOOD
1150896.47420945,1938942.1933533,332,452.0000000000,PETERSON (PEHR SAMUEL),5801 N PULASKI RD,60646,22.2400000000,39.0000000000,REGIONAL PARK,Peterson,331,Peterson,0.4000000000,5,PETERSON (PEHR SAMUEL)
1146291.00089105,1938890.92472695,333,195.0000000000,SAUGANASH,5861 N KOSTNER AVE,60646,4.6500000000,39.0000000000,COMMUNITY PARK,Sauganash,332,Sauganash,0.0000000000,6,SAUGANASH
1131147.90212276,1938241.95105601,334,141.0000000000,NORWOOD,5801 N NATOMA AVE,60631,14.0400000000,41.0000000000,COMMUNITY PARK,Norwood,333,Norwood Park,0.3333333333,15,NORWOOD
1148607.50393431,1937340.09280634,335,1141.0000000000,BRYNFORD,5640 N PULASKI RD,60646,0.1400000000,39.0000000000,MINI-PARK,Brynford,334,Brynford,0.0000000000,2,BRYNFORD
1166860.04018739,1937247.01116964,336,420.0000000000,COCHRAN (JOHN),5554 N MAGNOLIA AVE,60640,0.2800000000,48.0000000000,MINI-PARK,Cochran,335,Cochran,1.0000000000,2,COCHRAN (JOHN)
1151908.13551102,1924067.19748013,337,80.0000000000,ATHLETIC FIELD,3546 W ADDISON ST,60618,3.8700000000,35.0000000000,NEIGHBORHOOD PARK,Athletic Field,336,Athletic Field,0.2000000000,5,ATHLETIC FIELD
1164743.82397594,1937164.92336733,338,1219.0000000000,"MELLIN (CURTIS, SR.)",1600 W BRYN MAWR AVE,60640,0.2900000000,40.0000000000,MINI-PARK,Mellin,337,Mellin,0.0000000000,3,"MELLIN (CURTIS, SR.)"
1125074.84191165,1935546.46597527,339,59.0000000000,ORIOLE,5430 N OLCOTT AVE,60656,18.5700000000,41.0000000000,REGIONAL PARK,Oriole,338,Oriole,0.3000000000,10,ORIOLE
1167222.75615227,1936079.16724572,340,435.0000000000,BROMANN (CHARLES),5400 N BROADWAY,60640,0.1400000000,48.0000000000,MINI-PARK,Bromann,339,Bromann,0.0000000000,3,BROMANN (CHARLES)
1136641.04096754,1935463.5628312,341,93.0000000000,GLADSTONE (WILLIAM),5421 N MENARD AVE,60630,1.2500000000,45.0000000000,NEIGHBORHOOD PARK,Gladstone,340,Gladstone,0.6666666667,3,GLADSTONE (WILLIAM)
1168017.07888895,1935548.44276168,342,1279.0000000000,CEDAR,5315 N WINTHROP AVE,60640,0.3400000000,48.0000000000,MINI-PARK,Cedar,341,Cedar,0.0000000000,3,CEDAR
1141606.05713857,1934943.40236823,343,70.0000000000,FOREST GLEN,5073 W BERWYN AVE,60630,0.3100000000,45.0000000000,MINI-PARK,Forest Glen,342,Forest Glen,0.0000000000,3,FOREST GLEN
1164815.58346821,1934956.93353148,344,1078.0000000000,ANDERSONVILLE,5233 N ASHLAND AVE,60640,0.2200000000,40.0000000000,MINI-PARK,Andersonville,343,Andersonville,1.0000000000,1,ANDERSONVILLE
1135013.06581959,1934541.96366011,345,285.0000000000,AUSTIN FOSTER,6020 W FOSTER AVE,60630,4.4100000000,45.0000000000,NEIGHBORHOOD PARK,Austin Foster,344,Austin-Foster,1.0000000000,2,AUSTIN FOSTER
1161453.31287737,1933699.84929115,346,486.0000000000,WINNEMAC,5001 N LEAVITT ST,60625,22.0100000000,47.0000000000,NEIGHBORHOOD PARK,Winnemac,345,Winnemac,0.0000000000,3,WINNEMAC
1147502.62280802,1934131.10940077,347,40.0000000000,GOMPERS (SAMUEL),4222 W FOSTER AVE,60630,38.6900000000,39.0000000000,REGIONAL PARK,Gompers,349,Gompers,0.3750000000,16,GOMPERS (SAMUEL)
1145021.54833937,1933421.83131089,348,90.0000000000,NORTH MAYFAIR,4537 W CARMEN AVE,60630,0.5600000000,39.0000000000,NEIGHBORHOOD PARK,North Mayfair,350,North Mayfair,1.0000000000,1,NORTH MAYFAIR
1168876.22659518,1933111.70395198,349,385.0000000000,BUTTERCUP,4913 N SHERIDAN RD,60640,0.8800000000,48.0000000000,NEIGHBORHOOD PARK,Buttercup,351,Buttercup,0.0000000000,3,BUTTERCUP
1140456.92530823,1932915.68573531,350,95.0000000000,ROBERTS (DANIEL) SQUARE,5230 W ARGYLE ST,60630,3.6700000000,45.0000000000,NEIGHBORHOOD PARK,Roberts Square,352,Roberts Square,0.0000000000,1,ROBERTS (DANIEL) SQUARE
1167896.73776542,1932444.51558583,351,299.0000000000,HICKORY,4834 N WINTHROP AVE,60640,0.2300000000,48.0000000000,MINI-PARK,Hickory,353,Hickory,0.0000000000,2,HICKORY
1157389.65694225,1931977.55738378,352,1031.0000000000,GROSS,2708 W LAWRENCE AVE,60625,1.4000000000,40.0000000000,NEIGHBORHOOD PARK,Gross,354,Gross,1.0000000000,2,GROSS
1161416.94863279,1931961.99952565,353,402.0000000000,VOGLE (HENRY JR.),2100 W LAWRENCE AVE,60625,0.2200000000,47.0000000000,MINI-PARK,Vogle,355,Vogle,1.0000000000,1,VOGLE (HENRY JR.)
1139125.64679182,1931639.60139394,354,94.0000000000,JEFFERSON (THOMAS) MEML.,4822 N LONG AVE,60630,7.1600000000,45.0000000000,COMMUNITY PARK,Jefferson (Thomas) Memorial,346,Jefferson Memorial,0.1111111111,9,JEFFERSON (THOMAS) MEML.
1143377.54567514,1931717.21257048,355,427.0000000000,ASHMORE,4807 W GUNNISON ST,60630,0.1400000000,45.0000000000,MINI-PARK,Ashmore,347,Ashmore,1.0000000000,1,ASHMORE
1165086.52315548,1931519.42159061,356,103.0000000000,CHASE (SALMON),4725 N ASHLAND AV,60640,4.5700000000,47.0000000000,COMMUNITY PARK,Chase,348,Chase,0.2727272727,11,CHASE (SALMON)
1142256.93904751,1931357.67284794,357,1119.0000000000,THUIS (GRACE ZWIEFKA),4800 N LAVERGNE AVE,60630,0.3000000000,45.0000000000,MINI-PARK,Thuis,356,Thuis,1.0000000000,1,THUIS (GRACE ZWIEFKA)
1166554.18860973,1931177.51686475,358,348.0000000000,GOOSEBERRY,4648 N MALDEN ST,60640,0.1800000000,46.0000000000,MINI-PARK,Gooseberry,357,Gooseberry,1.0000000000,1,GOOSEBERRY
1168504.74178664,1931153.27635923,359,343.0000000000,ASTER,4639 N KENMORE AVE,60640,0.1600000000,46.0000000000,MINI-PARK,Aster,358,Aster,0.0000000000,1,ASTER
1148784.95846276,1931072.20502484,360,424.0000000000,SPIKINGS FARM,4706 N PULASKI RD,60630,0.1400000000,39.0000000000,MINI-PARK,Spikings Farm,360,Spikings Farm,0.0000000000,2,SPIKINGS FARM
1150500.64314797,1896235.88511198,361,500.0000000000,PARK NO. 500,730 S SPRINGFIELD AVE,60624,1.1800000000,24.0000000000,NEIGHBORHOOD PARK,Park No. 500,361,Park 500,0.0000000000,1,PARK NO. 500
1169673.16692503,1896125.16081469,362,1128.0000000000,MILLER (SAMUEL),848 S MILLER ST,60607,0.1100000000,1.0000000000,MINI-PARK,Miller,362,Miller,1.0000000000,2,MILLER (SAMUEL)
1148875.8795509,1895547.41032415,363,361.0000000000,VIOLET,4120 W TAYLOR ST,60624,0.5200000000,24.0000000000,NEIGHBORHOOD PARK,Violet,363,Violet,0.0000000000,1,VIOLET
1175832.35012339,1895276.82712827,364,466.0000000000,ROOSEVELT (THEODORE),62 W ROOSEVELT RD,60605,1.6400000000,1.0000000000,NEIGHBORHOOD PARK,Roosevelt,364,Roosevelt,1.0000000000,1,ROOSEVELT (THEODORE)
1160831.48924819,1834581.30295595,365,1052.0000000000,MUNROE,2617 W 105TH ST,60655,5.3600000000,19.0000000000,COMMUNITY PARK,Munroe,365,Munroe,0.0000000000,5,MUNROE
1160582.30664678,1883779.24555036,366,530.0000000000,DALEY (RICHARD J.),3150 S WESTERN AVE,60608,2.6700000000,0.0000000000,UNIMPROVED PARK,Daley (Richard J.),366,Daley (Richard),0.0000000000,2,DALEY (RICHARD J.)
1164271.69162492,1950546.36070617,367,1043.0000000000,WHITE (WILLYE B.),7631 N ASHLAND AVE,60626,0.8800000000,0.0000000000,COMMUNITY PARK,White (Willye B.),367,Willye White,0.0000000000,4,WHITE (WILLYE B.)
1172326.00938915,1904621.73007023,368,511.0000000000,WARD (A. MONTGOMERY),630 N KINGSBURY AVE,60610,2.8900000000,0.0000000000,UNIMPROVED PARK,Montgomery Ward,368,Ward,0.0000000000,6,WARD (A. MONTGOMERY)
1182751.72362175,1871867.38767413,369,278.0000000000,"HOUSTON (JESSIE ""MA"")",5001 S COTTAGE GROVE AVE,60615,3.9300000000,4.0000000000,NEIGHBORHOOD PARK,Houston,369,Houston,0.0000000000,2,"HOUSTON (JESSIE ""MA"")"
1143672.67806732,1871356.71078781,370,233.0000000000,VITTUM (HARRIET ELIZABETH),5014 W 50TH ST,60638,12.1500000000,23.0000000000,COMMUNITY PARK,Vittum,370,Vittum,0.0000000000,12,VITTUM (HARRIET ELIZABETH)
1164868.10508642,1871199.53500623,371,5.0000000000,CORNELL (PAUL) SQUARE,1809 W 50TH ST,60609,8.1900000000,14.0000000000,COMMUNITY PARK,Cornell Square,371,Cornell Square,0.0000000000,8,CORNELL (PAUL) SQUARE
1184376.94057945,1871207.11766338,372,1274.0000000000,SYCAMORE,5109 S GREENWOOD AVE,60615,0.5600000000,4.0000000000,NEIGHBORHOOD PARK,Sycamore,372,Sycamore,1.0000000000,1,SYCAMORE
1161988.49518903,1870969.15985498,373,1055.0000000000,LITTLE VENICE,2251 W 50TH PL,60609,0.8000000000,14.0000000000,NEIGHBORHOOD PARK,Little Venice,373,Little Venice,0.0000000000,1,LITTLE VENICE
1185211.0377314,1870722.79501035,374,279.0000000000,ELM,5215 S WOODLAWN AVE,60615,0.4600000000,4.0000000000,PASSIVE PARK,Elm,374,Elm,0.0000000000,1,ELM
1173032.17063413,1870081.23206989,375,1044.0000000000,LOWE (SAMUEL),5203 S LOWE AVE,60609,3.8900000000,3.0000000000,NEIGHBORHOOD PARK,Lowe,375,Lowe,0.0000000000,4,LOWE (SAMUEL)
1132755.59318097,1869596.79895107,376,1054.0000000000,NORMANDY,6660 W 52ND ST,60638,2.4600000000,23.0000000000,NEIGHBORHOOD PARK,Normandy,376,Normandy,0.2000000000,5,NORMANDY
1163733.40671273,1923705.53360113,377,544.0000000000,KLEIN (LOIS),3538-40 N LINCOLN AVE,60657,0.3300000000,32.0000000000,PASSIVE PARK,Klein,377,Klein,0.0000000000,3,KLEIN (LOIS)
1172050.19888894,1902796.75551794,378,551.0000000000,PARK NO. 551,353 N DES PLAINES ST,60661,1.0200000000,42.0000000000,NEIGHBORHOOD PARK,Park No. 551,378,Park 551,0.0000000000,4,PARK NO. 551
1178151.81851957,1891350.0300877,379,550.0000000000,CHICAGO WOMEN'S PARK AND GARDENS,1801 S INDIANA AVE,60616,3.0800000000,2.0000000000,NEIGHBORHOOD PARK,Chicago Womens' Park & Garden,379,Chicago Women's,0.0000000000,3,CHICAGO WOMEN'S PARK AND GARDENS
1176304.37381525,1898679.42343498,380,541.0000000000,PRITZKER,301-52 S STATE ST,60604,0.8800000000,2.0000000000,PASSIVE PARK,Pritzker,383,Pritzker,0.0000000000,2,PRITZKER
1161433.36343329,1836930.19176341,381,254.0000000000,BEVERLY,2460 W 102ND ST,60655,13.0600000000,19.0000000000,COMMUNITY PARK,Beverly,399,Beverly,0.1666666667,6,BEVERLY
1168567.34984946,1869302.33899826,382,7.0000000000,SHERMAN (JOHN),1307 W 52ND ST,60609,60.6000000000,15.0000000000,REGIONAL PARK,Sherman,380,Sherman,0.3076923077,13,SHERMAN (JOHN)
1186928.22341594,1870068.76577202,383,280.0000000000,SPRUCE,1437 E 54TH ST,60615,1.0800000000,4.0000000000,NEIGHBORHOOD PARK,Spruce,381,Spruce,1.0000000000,1,SPRUCE
1130368.74387511,1869819.03781708,384,370.0000000000,STARS & STRIPES,7000 W 51ST PL,60638,1.9500000000,23.0000000000,NEIGHBORHOOD PARK,Stars & Stripes,382,Stars and Stripes,0.0000000000,3,STARS & STRIPES
1159738.80219526,1916898.81837837,385,556.0000000000,PARK NO. 556,2529 W LOGAN BLVD,60647,0.5000000000,35.0000000000,UNIMPROVED PARK,Park No. 556,384,Park 556,0.0000000000,3,PARK NO. 556
1150754.47119128,1930602.42332927,386,82.0000000000,JENSEN (CHRIST),4600 N LAWNDALE AVE,60625,2.5500000000,39.0000000000,NEIGHBORHOOD PARK,Jensen,385,Jensen,0.0000000000,4,JENSEN (CHRIST)
1133550.99363306,1930615.79169256,387,258.0000000000,DUNHAM (ROBERT),4640 N MELVINA AVE,60630,14.0000000000,38.0000000000,COMMUNITY PARK,Dunham,386,Dunham,0.2222222222,9,DUNHAM (ROBERT)
1156302.45575807,1930640.06409498,388,159.0000000000,RAVENSWOOD MANOR,4626 N MANOR AVE,60625,0.5400000000,40.0000000000,NEIGHBORHOOD PARK,Ravenswood Manor,387,Ravenswood Manor,0.0000000000,1,RAVENSWOOD MANOR
1170425.14226739,1929911.6260916,389,1002.0000000000,CLARENDON COMM. CTR.,4501 N CLARENDON AVE,60640,8.3000000000,46.0000000000,COMMUNITY PARK,Clarendon Comm. Ctr.,388,Clarendon,0.0833333333,12,CLARENDON COMM. CTR.
1140265.29286093,1930188.64018885,390,145.0000000000,WILSON (FRANK),4630 N MILWAUKEE AVE,60630,8.8100000000,45.0000000000,COMMUNITY PARK,Wilson (Frank),389,Wilson (Frank),0.5000000000,6,WILSON (FRANK)
1145077.89439144,1929719.12671141,391,86.0000000000,MAYFAIR,4550 W SUNNYSIDE AVE,60630,2.7500000000,45.0000000000,NEIGHBORHOOD PARK,Mayfair,390,Mayfair,0.0000000000,4,MAYFAIR
1175717.29473812,1839131.36765257,392,272.0000000000,SMITH (WENDELL),9912 S PRINCETON AVE,60628,4.7200000000,21.0000000000,NEIGHBORHOOD PARK,Smith (Wendell),391,Smith (Wendell),0.5000000000,4,SMITH (WENDELL)
1160163.68837327,1929489.34266831,393,110.0000000000,WELLES (GIDEON),2333 W SUNNYSIDE AVE,60625,15.1000000000,47.0000000000,REGIONAL PARK,Welles,392,Welles,0.0000000000,15,WELLES (GIDEON)
1167212.281086,1929753.29259492,394,487.0000000000,BRONCHO BILLY,4437 N MAGNOLIA AVE,60640,0.2000000000,46.0000000000,MINI-PARK,Broncho Billy,393,Bronco Billy,0.0000000000,2,BRONCHO BILLY
1194639.55020858,1843377.52801174,395,368.0000000000,DOUGHERTY (DANIEL),9336 S KINGSTON AVE,60647,2.7200000000,7.0000000000,NEIGHBORHOOD PARK,Dougherty,394,Dougherty,0.0000000000,1,DOUGHERTY (DANIEL)
1165857.16220371,1840378.37076286,396,175.0000000000,RIDGE,9625 S LONGWOOD DR,60643,9.3200000000,19.0000000000,COMMUNITY PARK,Ridge,395,Ridge,0.1250000000,8,RIDGE
1193322.56134532,1838843.9120605,397,1122.0000000000,LUELLA,10021 S LUELLA AVE,60617,1.2000000000,10.0000000000,NEIGHBORHOOD PARK,Luella,396,Luella,0.6666666667,3,LUELLA
1165439.34146361,1838257.21961445,398,178.0000000000,HURLEY (TIMOTHY),1901 W 100TH ST,60643,1.2100000000,19.0000000000,NEIGHBORHOOD PARK,Hurley,397,Hurley,0.0000000000,3,HURLEY (TIMOTHY)
1183419.07590974,1837378.04601957,399,244.0000000000,GATELY (JAMES),810 E 103RD ST,60628,25.0400000000,8.0000000000,COMMUNITY PARK,Gately,398,Gately,0.5000000000,2,GATELY (JAMES)
1167944.72446991,1836826.52630085,400,179.0000000000,GRAVER (PHILIP),1518 W 102ND PL,60643,4.7500000000,19.0000000000,NEIGHBORHOOD PARK,Graver,400,Graver,0.0000000000,3,GRAVER (PHILIP)
1194193.72753429,1836516.65622886,401,16.0000000000,TRUMBULL (LYMAN),2400 E 105TH ST,60617,18.5200000000,10.0000000000,REGIONAL PARK,Trumbull,401,Trumbull,0.0000000000,10,TRUMBULL (LYMAN)
1173824.33991238,1835487.81295567,402,65.0000000000,FERNWOOD,10436 S WALLACE ST,60628,12.3300000000,34.0000000000,COMMUNITY PARK,Fernwood,402,Fernwood,0.2500000000,4,FERNWOOD
1165342.37591329,1835208.4607146,403,1205.0000000000,BARNARD (ERASTUS),10441 S LONGWOOD DR,60643,1.9700000000,19.0000000000,NEIGHBORHOOD PARK,Barnard,403,Barnard,0.3333333333,3,BARNARD (ERASTUS)
1201750.80923129,1835337.13493182,404,1079.0000000000,KRAUSE (FRANCIS VERNON),10558 S AVENUE L,60617,0.1200000000,10.0000000000,MINI-PARK,Krause,404,Krause,0.0000000000,3,KRAUSE (FRANCIS VERNON)
1155372.66861995,1911877.3826766,405,554.0000000000,DE BURGOS (JULIA),1805 N ALBANY AVE,60647,0.4400000000,26.0000000000,UNIMPROVED PARK,De Burgos,405,De Burgos,0.0000000000,3,DE BURGOS (JULIA)
1183086.71247302,1856393.28872894,406,354.0000000000,RAILROAD JUNCTION,7334 S MARYLAND AVE,60619,0.2300000000,6.0000000000,MINI-PARK,Railroad Junction,406,Railroad Junction,1.0000000000,1,RAILROAD JUNCTION
1160229.30050879,1944234.49181217,407,428.0000000000,WARREN (LAURENCE),6621 N WESTERN AVE,60645,87.6100000000,50.0000000000,CITYWIDE PARK,Warren,407,Warren,0.8000000000,10,WARREN (LAURENCE)
1162193.2601512,1904891.13446822,408,1150.0000000000,SUPERIOR,2101 W SUPERIOR ST,60612,0.2700000000,32.0000000000,MINI-PARK,Superior,452,Superior,0.5000000000,2,SUPERIOR
1173197.08602146,1905815.334118,409,560.0000000000,PARK NO. 560,410 W CHICAGO AVE,60654,1.4200000000,27.0000000000,UNIMPROVED PARK,Park No. 560,408,Jesse White Comm Ctr,0.0000000000,4,PARK NO. 560
1162382.9628728,1834039.79579889,410,558.0000000000,KING (PATRICK)-LOCKHART (ANTHONY),10609-15 S WESTERN AVE,60643,0.5300000000,19.0000000000,PASSIVE PARK,King-Lockhart,409,King-Lockhart,0.0000000000,2,KING (PATRICK)-LOCKHART (ANTHONY)
1198215.32742743,1855005.37477584,411,1001.0000000000,RAINBOW BEACH,2873 E 75TH ST,60649,103.7100000000,10.0000000000,CITYWIDE PARK,Rainbow Beach,410,Rainbow Beach,0.1111111111,9,RAINBOW BEACH
1133102.22547026,1939079.28899437,412,91.0000000000,ROSEDALE,6312 W ROSEDALE AVE,60646,2.7500000000,41.0000000000,COMMUNITY PARK,Rosedale,411,Rosedale,0.0000000000,5,ROSEDALE
1156401.71360246,1884887.71123178,413,553.0000000000,PARK NO. 553,2800 S SACRAMENTO AVE,60608,21.3200000000,12.0000000000,UNIMPROVED,Park No. 553,412,LaVillita,0.0000000000,8,PARK NO. 553
1129302.30999069,1922147.31203904,414,148.0000000000,SHABBONA,6935 W ADDISON,60634,18.5900000000,36.0000000000,REGIONAL PARK,Shabbona,413,Shabonna,0.1538461539,13,SHABBONA
1157283.99017716,1925703.00295155,415,189.0000000000,CALIFORNIA,3843 N CALIFORNIA AVE,60618,13.5200000000,33.0000000000,COMMUNITY PARK,California,415,California,0.1666666667,6,CALIFORNIA
1157283.99017716,1925703.00295155,416,189.0000000000,CALIFORNIA,3843 N CALIFORNIA AVE,60618,13.5200000000,33.0000000000,COMMUNITY PARK,California,414,McFetridge,0.0000000000,4,CALIFORNIA
1142125.00097463,1908504.44429627,417,201.0000000000,LA FOLLETTE (ROBERT),1333 N LARAMIE AVE,60651,17.3500000000,37.0000000000,REGIONAL PARK,La Follette,416,LaFollette,0.0000000000,11,LA FOLLETTE (ROBERT)
1153631.42641715,1867244.65853638,418,309.0000000000,"SENKA (EDWARD ""DUKE"")",5656 S ST LOUIS AVE,60629,18.8300000000,13.0000000000,REGIONAL PARK,Senka,417,Senka,0.0000000000,11,"SENKA (EDWARD ""DUKE"")"
1189789.05640818,1858126.97001754,419,482.0000000000,NASH (DON) COMM. CTR.,1833 E 71ST ST,60649,0.8800000000,5.0000000000,COMMUNITY PARK,Nash Comm. Ctr.,418,Don Nash Community Center,0.0000000000,5,NASH (DON) COMM. CTR.
1170277.69072413,1899530.99792948,420,542.0000000000,BARTELME (MARY),115 S. SANGAMON ST,60602,2.2900000000,2.0000000000,NEIGHBORHOOD PARK,Bartelme,419,Bartelme,0.0000000000,5,BARTELME (MARY)
1154734.08736031,1904973.36969026,421,1040.0000000000,KELLS (GEORGE),3201 W CHICAGO AVE,60624,1.7000000000,27.0000000000,NEIGHBORHOOD PARK,Kells,451,Kells,1.0000000000,1,KELLS (GEORGE)
1159578.84338553,1938702.9254,422,568.0000000000,PARK NO. 568,5601 N WESTERN AVE,60659,23.3900000000,40.0000000000,NATURE PRESERVE,Park No. 568,421,Park 568,0.0000000000,2,PARK NO. 568
1172475.35717828,1912824.06395901,423,365.0000000000,BAULER (MATHIAS),517 W WISCONSIN ST,60614,0.6400000000,43.0000000000,NEIGHBORHOOD PARK,Bauler,422,Bauler,1.0000000000,1,BAULER (MATHIAS)
1161059.67213572,1912764.1266813,424,283.0000000000,ERHLER (WILLIAM),2230 W CORTLAND ST,60647,0.8300000000,32.0000000000,NEIGHBORHOOD PARK,Erhler,423,Erhler,0.0000000000,1,ERHLER (WILLIAM)
1169292.06194808,1912370.354282,425,375.0000000000,PRIVET,1844 N SHEFFIELD AVE,60614,0.0900000000,43.0000000000,MINI-PARK,Privet,424,Privet,1.0000000000,1,PRIVET
1158823.89237911,1912295.98519267,426,431.0000000000,FLOWER (LUCY),2554 W MOFFAT ST,60647,0.2900000000,26.0000000000,MINI-PARK,Flower,425,Flower,0.0000000000,3,FLOWER (LUCY)
1162906.38544512,1912113.59430718,427,412.0000000000,CHURCHILL FIELD,1825 N DAMEN AVE,60614,1.1300000000,32.0000000000,NEIGHBORHOOD PARK,Churchill Field,426,Churchill,0.0000000000,6,CHURCHILL FIELD
1165235.97591933,1911863.51744418,428,393.0000000000,WALSH (JOHN),1722 N ASHLAND AVE,60614,1.9100000000,32.0000000000,NEIGHBORHOOD PARK,Walsh,427,Walsh,0.0000000000,11,WALSH (JOHN)
1135099.32600013,1911672.27583833,429,129.0000000000,AMUNDSEN (ROALD),6200 W BLOOMINGDALE AVE,60639,15.4600000000,36.0000000000,COMMUNITY PARK,Amundsen,428,Amundsen,0.5000000000,4,AMUNDSEN (ROALD)
1151661.2165733,1911926.21622211,430,1130.0000000000,MONTICELLO,1814 N MONTICELLO AVE,60647,0.3600000000,31.0000000000,MINI-PARK,Monticello,429,Monticello,0.0000000000,1,MONTICELLO
1169630.82591027,1911690.80702055,431,1091.0000000000,CLYBOURN (ARCHIBALD),1755 N CLYBOURN AVE,60614,0.4600000000,43.0000000000,MINI-PARK,Clybourn,430,Clybourn,1.0000000000,2,CLYBOURN (ARCHIBALD)
1147546.845875,1911274.37626956,432,132.0000000000,GREENBAUM (HENRY),1729 N KILDARE AVE,60639,1.6500000000,30.0000000000,NEIGHBORHOOD PARK,Greenbaum,431,Greenbaum,0.0000000000,5,GREENBAUM (HENRY)
1137947.24263055,1911155.46983867,433,130.0000000000,GALEWOOD,5729 W BLOOMINGDALE AVE,60639,2.1200000000,30.0000000000,NEIGHBORHOOD PARK,Galewood,432,Galewood,0.0000000000,3,GALEWOOD
1159016.98507562,1910960.62382044,434,1045.0000000000,MAPLEWOOD,1640 N MAPLEWOOD AVE,60647,1.1100000000,26.0000000000,NEIGHBORHOOD PARK,Maplewood,433,Maplewood,1.0000000000,3,MAPLEWOOD
1152448.59019363,1910919.29578429,435,124.0000000000,SIMONS (ALMIRA),1640 N DRAKE AVE,60647,1.0200000000,31.0000000000,COMMUNITY PARK,Simons,434,Simons,0.6666666667,3,SIMONS (ALMIRA)
1163049.40878468,1909661.49247056,436,214.0000000000,"WICKER (CHARLES, JOEL)",1425 N DAMEN AVE,60622,4.0300000000,26.0000000000,COMMUNITY PARK,Wicker,435,Wicker,0.1428571429,7,"WICKER (CHARLES, JOEL)"
1159716.18775959,1909465.67924413,437,399.0000000000,PARK NO. 399,1420 N ARTESIAN AVE,60622,0.1400000000,26.0000000000,MINI-PARK,Park No. 399,436,Park 399,0.0000000000,2,PARK NO. 399
1164576.91808111,1909358.63066062,438,1027.0000000000,DEAN (JOHN),1356 N DEAN ST,60622,0.6600000000,32.0000000000,NEIGHBORHOOD PARK,Dean,437,Dean,0.0000000000,3,DEAN (JOHN)
1166639.58341574,1909087.52445413,439,217.0000000000,PULASKI (CASIMER),1419 W BLACKHAWK ST,60622,3.6900000000,32.0000000000,COMMUNITY PARK,Pulaski,438,Pulaski,0.0000000000,10,PULASKI (CASIMER)
1171477.16026959,1909034.01262565,440,109.0000000000,STANTON (EDWIN),640 W SCOTT ST,60610,6.5100000000,42.0000000000,COMMUNITY PARK,Stanton,439,Stanton,0.0000000000,5,STANTON (EDWIN)
1176558.18772565,1908979.36476447,441,105.0000000000,GOUDY (WILLIAM) SQUARE,1255 N ASTOR ST,60610,0.4600000000,42.0000000000,MINI-PARK,Goudy Square,440,Goudy,0.0000000000,3,GOUDY (WILLIAM) SQUARE
1149917.61803535,1907620.28980065,442,1106.0000000000,HARDING (FREDERICK),3921 W DIVISION ST,60651,0.2900000000,31.0000000000,MINI-PARK,Harding (Frederick),420,Harding (Frederick),0.0000000000,1,HARDING (FREDERICK)
1149603.51,1907448.67,443,308.0000000000,LINDEN,1139 N PULASKI RD,60651,0.5000000000,31.0000000000,NEIGHBORHOOD PARK,Linden,441,Linden,0.0000000000,1,LINDEN
1139734.96500628,1907365.8562842,444,1092.0000000000,DAVIS (MARGARET),5427 W DIVISION ST,60651,0.2600000000,37.0000000000,MINI-PARK,Davis (Margaret),442,Davis (M.),0.0000000000,1,DAVIS (MARGARET)
1152590.07189253,1907215.15944435,445,1103.0000000000,GRAND,3531 W GRAND AVE,60651,0.2800000000,37.0000000000,MINI-PARK,Grand,443,Grand Playlot,1.0000000000,1,GRAND
1175567.84148163,1906668.13566985,446,1244.0000000000,WASHINGTON SQUARE,901 N CLARK ST,60610,2.3800000000,42.0000000000,PASSIVE PARK,Washington Square,444,Washington Square,0.0000000000,2,WASHINGTON SQUARE
1146372.43409712,1906184.50750907,447,1021.0000000000,AUGUSTA (CARPENTER),4431 W AUGUSTA BLVD,60651,0.8500000000,31.0000000000,NEIGHBORHOOD PARK,Augusta,445,Augusta,0.0000000000,4,AUGUSTA (CARPENTER)
1160332.67978983,1906092.18197068,448,1165.0000000000,WESTERN,907 N WESTERN AVE,60622,0.2900000000,32.0000000000,MINI-PARK,Western,446,Western,0.0000000000,2,WESTERN
1167242.08705701,1905806.95049379,449,208.0000000000,ECKHART (BERNARD),1330 W CHICAGO AVE,60622,8.1200000000,32.0000000000,COMMUNITY PARK,Eckhart,447,Eckhart,0.0000000000,9,ECKHART (BERNARD)
1178558.04319727,1905949.87364473,450,107.0000000000,LAKE SHORE,254 E CHICAGO AVE,60611,3.6900000000,42.0000000000,NEIGHBORHOOD PARK,Lake Shore,448,Lake Shore,0.0000000000,7,LAKE SHORE
1177854.8912469,1905931.76271747,451,1242.0000000000,SENECA,228 E CHICAGO AVE,60611,0.8200000000,42.0000000000,NEIGHBORHOOD PARK,Seneca,449,Seneca,0.0000000000,2,SENECA
1163854.27480157,1905612.09213042,452,1006.0000000000,COMMERCIAL CLUB PGD. of CHICAGO,1845 W RICE ST,60622,1.3500000000,32.0000000000,COMMUNITY PARK,Commercial Club Pgd. of Chicago,450,Commercial Club,0.0000000000,5,COMMERCIAL CLUB PGD. of CHICAGO
1152350.90789892,1904710.8160811,453,1087.0000000000,CENTRAL,721 N CENTRAL PARK AVE,60624,0.2000000000,27.0000000000,MINI-PARK,Central,453,Central Playlot,0.0000000000,2,CENTRAL
1175679.14572467,1850420.09263985,454,249.0000000000,WEST CHATHAM,8223 S PRINCETON AVE,60620,15.0200000000,21.0000000000,COMMUNITY PARK,West Chatham,454,West Chatham,0.0000000000,4,WEST CHATHAM
1150042.52996187,1903829.67002798,455,1138.0000000000,OHIO & HARDING,607 N HARDING AVE,60624,0.4200000000,37.0000000000,MINI-PARK,Ohio & Harding,455,Ohio and Harding,1.0000000000,2,OHIO & HARDING
1144613.26566241,1903660.4392331,456,1139.0000000000,OHIO,4712 W OHIO ST,60644,0.4200000000,37.0000000000,MINI-PARK,Ohio,456,Ohio,0.0000000000,3,OHIO
1155522.38055002,1903669.49066865,457,396.0000000000,SNAPPING TURTLE,534 N ALBANY AVE,60612,0.1500000000,27.0000000000,MINI-PARK,Snapping Turtle,457,Snapping Turtle,0.0000000000,1,SNAPPING TURTLE
1138786.52170819,1902474.59105503,458,207.0000000000,AUSTIN TOWN HALL,5610 W LAKE ST,60644,3.2100000000,29.0000000000,COMMUNITY PARK,Austin Town Hall,458,Austin Town Hall,0.0000000000,9,AUSTIN TOWN HALL
